repo,commit,date,dependency,old_version,new_version,file,usage_changed,usage_details,syntactic_break,syntactic_details,semantic_change,semantic_details,commit_message,response_type
repos\tutorials,4d4328da8be9760011c6d784b7576bc57d81089a,2019-12-22 18:50:33+05:30,org.springframework.boot:spring-boot-dependencies,2.2.0.M4,2.2.2.RELEASE,PlayerRepository.java,False,None,False,None,True,Logic changed,BAEL-19376 Do we have any Spring Milestone/RC repos defined?,Bug Fix
repos\tutorials,4d4328da8be9760011c6d784b7576bc57d81089a,2019-12-22 18:50:33+05:30,org.springframework.boot:spring-boot-dependencies,2.2.0.M4,2.2.2.RELEASE,R2dbcApplicationIntegrationTest.java,True,"Removed: {'sql'}, Added: set()",False,None,True,Logic changed,BAEL-19376 Do we have any Spring Milestone/RC repos defined?,Bug Fix
repos\tutorials,6d517ce9fbb5332e6b3e0d3f83695173888da730,2020-01-17 15:55:22+02:00,org.apache.derby:derby,10.14.2.0,${version.derby},ApiApplication.java,False,None,False,None,True,Logic changed,"Open Liberty with Servlet, Rest, Consume rest using json-b, microprofile",Other
repos\tutorials,6d517ce9fbb5332e6b3e0d3f83695173888da730,2020-01-17 15:55:22+02:00,jakarta.platform:jakarta.jakartaee-web-api,8.0.0,${version.jakarta.jakartaee-web-api},ApiApplication.java,False,None,False,None,True,Logic changed,"Open Liberty with Servlet, Rest, Consume rest using json-b, microprofile",Other
repos\tutorials,6d517ce9fbb5332e6b3e0d3f83695173888da730,2020-01-17 15:55:22+02:00,org.eclipse.microprofile:microprofile,3.0,${version.microprofile},ApiApplication.java,False,None,False,None,True,Logic changed,"Open Liberty with Servlet, Rest, Consume rest using json-b, microprofile",Other
repos\tutorials,6d517ce9fbb5332e6b3e0d3f83695173888da730,2020-01-17 15:55:22+02:00,org.apache.cxf:cxf-rt-rs-client,3.3.4,${version.cxf-rt-rs-client},ApiApplication.java,False,None,False,None,True,Logic changed,"Open Liberty with Servlet, Rest, Consume rest using json-b, microprofile",Other
repos\tutorials,6d517ce9fbb5332e6b3e0d3f83695173888da730,2020-01-17 15:55:22+02:00,org.glassfish:javax.json,1.1.4,${version.javax.json},ApiApplication.java,False,None,False,None,True,Logic changed,"Open Liberty with Servlet, Rest, Consume rest using json-b, microprofile",Other
repos\tutorials,6d517ce9fbb5332e6b3e0d3f83695173888da730,2020-01-17 15:55:22+02:00,org.apache.derby:derby,10.14.2.0,${version.derby},AppServlet.java,False,None,False,None,True,Logic changed,"Open Liberty with Servlet, Rest, Consume rest using json-b, microprofile",Other
repos\tutorials,6d517ce9fbb5332e6b3e0d3f83695173888da730,2020-01-17 15:55:22+02:00,jakarta.platform:jakarta.jakartaee-web-api,8.0.0,${version.jakarta.jakartaee-web-api},AppServlet.java,False,None,False,None,True,Logic changed,"Open Liberty with Servlet, Rest, Consume rest using json-b, microprofile",Other
repos\tutorials,6d517ce9fbb5332e6b3e0d3f83695173888da730,2020-01-17 15:55:22+02:00,org.eclipse.microprofile:microprofile,3.0,${version.microprofile},AppServlet.java,False,None,False,None,True,Logic changed,"Open Liberty with Servlet, Rest, Consume rest using json-b, microprofile",Other
repos\tutorials,6d517ce9fbb5332e6b3e0d3f83695173888da730,2020-01-17 15:55:22+02:00,org.apache.cxf:cxf-rt-rs-client,3.3.4,${version.cxf-rt-rs-client},AppServlet.java,False,None,False,None,True,Logic changed,"Open Liberty with Servlet, Rest, Consume rest using json-b, microprofile",Other
repos\tutorials,6d517ce9fbb5332e6b3e0d3f83695173888da730,2020-01-17 15:55:22+02:00,org.glassfish:javax.json,1.1.4,${version.javax.json},AppServlet.java,False,None,False,None,True,Logic changed,"Open Liberty with Servlet, Rest, Consume rest using json-b, microprofile",Other
repos\tutorials,a1837550e83c26bbcf3ea754732404c2955ee8ef,2020-01-27 20:40:24+02:00,org.junit.platform:junit-platform-launcher,${junit-platform.version},1.6.0,MongoDBConfiguration.java,False,None,False,None,True,Logic changed,BAEL-3777: First setup,Other
repos\tutorials,a1837550e83c26bbcf3ea754732404c2955ee8ef,2020-01-27 20:40:24+02:00,org.junit.platform:junit-platform-launcher,${junit-platform.version},1.6.0,MongoDbOrderRepository.java,False,None,False,None,True,Logic changed,BAEL-3777: First setup,Other
repos\tutorials,a1837550e83c26bbcf3ea754732404c2955ee8ef,2020-01-27 20:40:24+02:00,org.junit.platform:junit-platform-launcher,${junit-platform.version},1.6.0,SpringDataMongoOrderRepository.java,False,None,False,None,True,Logic changed,BAEL-3777: First setup,Other
repos\tutorials,a1837550e83c26bbcf3ea754732404c2955ee8ef,2020-01-27 20:40:24+02:00,org.junit.platform:junit-platform-launcher,${junit-platform.version},1.6.0,MongoDbOrderRepositoryUnitTest.java,False,None,False,None,True,Logic changed,BAEL-3777: First setup,Other
repos\tutorials,10ae695227a31924180f496e59565b83250f315d,2020-02-22 16:19:02+02:00,org.apache.velocity:velocity-engine-core,2.0,2.2,TakesApp.java,False,None,False,None,True,Logic changed,Code changes,Other
repos\tutorials,10ae695227a31924180f496e59565b83250f315d,2020-02-22 16:19:02+02:00,org.apache.velocity:velocity-engine-core,2.0,2.2,TakesContact.java,False,None,False,None,True,Logic changed,Code changes,Other
repos\tutorials,10ae695227a31924180f496e59565b83250f315d,2020-02-22 16:19:02+02:00,org.apache.velocity:velocity-engine-core,2.0,2.2,TakesCreateUser.java,False,None,False,None,True,Logic changed,Code changes,Other
repos\tutorials,10ae695227a31924180f496e59565b83250f315d,2020-02-22 16:19:02+02:00,org.apache.velocity:velocity-engine-core,2.0,2.2,TakesHelloWorld.java,False,None,False,None,True,Logic changed,Code changes,Other
repos\tutorials,10ae695227a31924180f496e59565b83250f315d,2020-02-22 16:19:02+02:00,org.apache.velocity:velocity-engine-core,2.0,2.2,TakesIndex.java,False,None,False,None,True,Logic changed,Code changes,Other
repos\tutorials,10ae695227a31924180f496e59565b83250f315d,2020-02-22 16:19:02+02:00,org.apache.velocity:velocity-engine-core,2.0,2.2,TakesReadUser.java,False,None,False,None,True,Logic changed,Code changes,Other
repos\tutorials,a099b358a77ac4328449da263acabbc8728b3ae2,2020-02-22 19:58:19+02:00,org.takes:takes,1.19,${takes.version},TakesApp.java,True,"Removed: {'getConnection', 'setJdbcUrl', 'setPassword', 'dbConnection', 'setUsername'}, Added: set()",True,Removed methods: {'dbConnection'},True,Logic changed,Takes - unit and integration test,Testing
repos\tutorials,a099b358a77ac4328449da263acabbc8728b3ae2,2020-02-22 19:58:19+02:00,org.apache.velocity:velocity-engine-core,2.2,${velocity-engine-core.version},TakesApp.java,True,"Removed: {'getConnection', 'setJdbcUrl', 'setPassword', 'dbConnection', 'setUsername'}, Added: set()",True,Removed methods: {'dbConnection'},True,Logic changed,Takes - unit and integration test,Testing
repos\tutorials,a099b358a77ac4328449da263acabbc8728b3ae2,2020-02-22 19:58:19+02:00,org.takes:takes,1.19,${takes.version},TakesContact.java,False,None,False,None,True,Logic changed,Takes - unit and integration test,Testing
repos\tutorials,a099b358a77ac4328449da263acabbc8728b3ae2,2020-02-22 19:58:19+02:00,org.apache.velocity:velocity-engine-core,2.2,${velocity-engine-core.version},TakesContact.java,False,None,False,None,True,Logic changed,Takes - unit and integration test,Testing
repos\tutorials,a099b358a77ac4328449da263acabbc8728b3ae2,2020-02-22 19:58:19+02:00,org.takes:takes,1.19,${takes.version},TakesIndex.java,True,"Removed: set(), Added: {'single'}",False,None,True,Logic changed,Takes - unit and integration test,Testing
repos\tutorials,a099b358a77ac4328449da263acabbc8728b3ae2,2020-02-22 19:58:19+02:00,org.apache.velocity:velocity-engine-core,2.2,${velocity-engine-core.version},TakesIndex.java,True,"Removed: set(), Added: {'single'}",False,None,True,Logic changed,Takes - unit and integration test,Testing
repos\tutorials,a2488e4943f5eb219c7b42ee26ff11f4d7b51b10,2020-03-09 16:18:44+00:00,org.springdoc:springdoc-openapi-ui,1.1.49,${springdoc.version},BookController.java,False,None,False,None,True,Logic changed,Bael 3653: Adding Pageable Support (#8766),Dependency Update
repos\tutorials,a2488e4943f5eb219c7b42ee26ff11f4d7b51b10,2020-03-09 16:18:44+00:00,org.springdoc:springdoc-openapi-ui,1.1.49,${springdoc.version},BookRepository.java,True,"Removed: set(), Added: {'stream', 'getPageNumber', 'toList', 'limit', 'skip', 'size', 'collect', 'getPageSize'}",False,None,True,Logic changed,Bael 3653: Adding Pageable Support (#8766),Dependency Update
repos\tutorials,a65c5bf202c3326514e7d6c1408bd9e445c06fd9,2020-03-31 17:57:05+02:00,com.h2database:h2,1.4.197,${h2.version},OldSchoolDbUnitTest.java,True,"Removed: set(), Added: {'isEqualTo', 'assertThat', 'build'}",False,None,True,Logic changed,[BAEL-2749] Introduces Assertj and uses builder pattern,Build/CI
repos\tutorials,a65c5bf202c3326514e7d6c1408bd9e445c06fd9,2020-03-31 17:57:05+02:00,com.h2database:h2,1.4.197,${h2.version},PrepAndExpectedDbUnitTest.java,True,"Removed: {'assertEquals', 'assertTrue'}, Added: {'isTrue', 'assertThat', 'isEqualTo'}",False,None,True,Logic changed,[BAEL-2749] Introduces Assertj and uses builder pattern,Build/CI
repos\tutorials,0b1c5e01a5108350a493a06e07d2779a0b9e3f60,2020-03-31 20:18:11+02:00,org.assertj:assertj-core,${assertj.version},${assertj-core.version},DataSourceDBUnitTest.java,True,"Removed: set(), Added: {'error', 'getLogger'}",False,None,True,Logic changed,[BAEL-2749] Improves code and makes a copy in libraries-testing,Testing
repos\tutorials,0b1c5e01a5108350a493a06e07d2779a0b9e3f60,2020-03-31 20:18:11+02:00,org.assertj:assertj-core,${assertj.version},${assertj-core.version},DbUnitTest.java,False,None,False,None,True,Logic changed,[BAEL-2749] Improves code and makes a copy in libraries-testing,Testing
repos\tutorials,0b1c5e01a5108350a493a06e07d2779a0b9e3f60,2020-03-31 20:18:11+02:00,org.assertj:assertj-core,${assertj.version},${assertj-core.version},OldSchoolDbUnitTest.java,False,None,False,None,True,Logic changed,[BAEL-2749] Improves code and makes a copy in libraries-testing,Testing
repos\tutorials,0b1c5e01a5108350a493a06e07d2779a0b9e3f60,2020-03-31 20:18:11+02:00,org.assertj:assertj-core,${assertj.version},${assertj-core.version},PrepAndExpectedDbUnitTest.java,False,None,False,None,True,Logic changed,[BAEL-2749] Improves code and makes a copy in libraries-testing,Testing
repos\tutorials,62842f97cf2c1e1ce1ba94c5505d769acb0632a6,2020-04-23 13:10:29+05:30,org.springframework.data:spring-data-releasetrain,Hopper-SR10,Lovelace-SR16,DynamoDBConfig.java,False,None,True,Removed methods: {'mvcHandlerMappingIntrospector'},True,Logic changed,JAVA-923: Migrate spring-data-dynamodb to parent-boot-2,Migration
repos\tutorials,62842f97cf2c1e1ce1ba94c5505d769acb0632a6,2020-04-23 13:10:29+05:30,org.springframework.data:spring-data-releasetrain,Hopper-SR10,Lovelace-SR16,ProductInfoRepository.java,False,None,False,None,True,Logic changed,JAVA-923: Migrate spring-data-dynamodb to parent-boot-2,Migration
repos\tutorials,6f9e27dc5957a4a30549b8828d619ccda813e365,2020-05-19 19:24:29-04:00,org.locationtech.jts:jts-core,1.16.1,1.15.0,SpringContextManualTest.java,False,None,False,None,True,Logic changed,fixed most tests,Bug Fix
repos\tutorials,6f9e27dc5957a4a30549b8828d619ccda813e365,2020-05-19 19:24:29-04:00,org.locationtech.jts:jts-core,1.16.1,1.15.0,ElasticSearchManualTest.java,True,"Removed: {'type', 'size', 'explain'}, Added: {'println', 'get', 'flatMap', 'getVersion', 'of'}",False,None,True,Logic changed,fixed most tests,Bug Fix
repos\tutorials,6f9e27dc5957a4a30549b8828d619ccda813e365,2020-05-19 19:24:29-04:00,org.locationtech.jts:jts-core,1.16.1,1.15.0,GeoQueriesManualTest.java,True,"Removed: {'setQuery', 'prepareRefresh', 'execute', 'actionGet', 'get', 'setTypes', 'prepareIndex', 'prepareSearch', 'deleteIndex', 'admin', 'setSource'}, Added: {'relation', 'delete', 'refresh', 'query', 'search', 'buildGeometry', 'index', 'source'}",False,None,True,Logic changed,fixed most tests,Bug Fix
repos\tutorials,6f9e27dc5957a4a30549b8828d619ccda813e365,2020-05-19 19:24:29-04:00,org.locationtech.jts:jts-core,1.16.1,1.15.0,ElasticSearchManualTest.java,True,"Removed: {'deleteIndex', 'size', 'createIndex', 'queryForList'}, Added: {'getTotalHits', 'create', 'getSearchHit', 'search', 'indexOps', 'getContent'}",False,None,True,Logic changed,fixed most tests,Bug Fix
repos\tutorials,6f9e27dc5957a4a30549b8828d619ccda813e365,2020-05-19 19:24:29-04:00,org.locationtech.jts:jts-core,1.16.1,1.15.0,ElasticSearchQueryManualTest.java,True,"Removed: {'queryForList', 'putMapping', 'size', 'createIndex', 'deleteIndex', 'types'}, Added: {'delete', 'getTotalHits', 'createMapping', 'create', 'getSearchHit', 'indexOps', 'of', 'getContent'}",False,None,True,Logic changed,fixed most tests,Bug Fix
repos\tutorials,3fc4ed23a46468dd0c9d257c4f4356f0a1347b49,2020-05-19 19:44:42-04:00,org.locationtech.jts:jts-core,1.15.0,${jts.version},SpringContextManualTest.java,False,None,False,None,True,Logic changed,upgrade to 4.0.0.RELEASE,Dependency Update
repos\tutorials,3fc4ed23a46468dd0c9d257c4f4356f0a1347b49,2020-05-19 19:44:42-04:00,org.locationtech.jts:jts-core,1.15.0,${jts.version},ElasticSearchManualTest.java,False,None,False,None,True,Logic changed,upgrade to 4.0.0.RELEASE,Dependency Update
repos\tutorials,3fc4ed23a46468dd0c9d257c4f4356f0a1347b49,2020-05-19 19:44:42-04:00,org.locationtech.jts:jts-core,1.15.0,${jts.version},GeoQueriesManualTest.java,False,None,False,None,True,Logic changed,upgrade to 4.0.0.RELEASE,Dependency Update
repos\tutorials,3fc4ed23a46468dd0c9d257c4f4356f0a1347b49,2020-05-19 19:44:42-04:00,org.locationtech.jts:jts-core,1.15.0,${jts.version},ElasticSearchManualTest.java,False,None,False,None,True,Logic changed,upgrade to 4.0.0.RELEASE,Dependency Update
repos\tutorials,3fc4ed23a46468dd0c9d257c4f4356f0a1347b49,2020-05-19 19:44:42-04:00,org.locationtech.jts:jts-core,1.15.0,${jts.version},ElasticSearchQueryManualTest.java,False,None,False,None,True,Logic changed,upgrade to 4.0.0.RELEASE,Dependency Update
repos\tutorials,11d0ab1b4984095d52a379c16aad81d19af2a7fe,2020-05-26 12:59:40+03:00,org.json:json,20190722,20200518,JavaBufferedReaderToJSONObjectUnitTest.java,False,None,True,"Removed methods: {'givenUsingOldVersion_whenConvertBufferedReaderToJSONObject_thenCorrect', 'givenUsingNewVersion_whenConvertBufferedReaderToJSONObject_thenCorrect'}",True,Logic changed,BAEL-3067: Changed method name and added latest maven dependency of org.json,Dependency Update
repos\tutorials,15535cf0cfd99f2dc7b5b173d2f69893ef892ae9,2020-05-29 18:23:01-04:00,org.springframework:spring-mock,2.0.8,${org.springframework.spring-mock.version},ConvertMultipartFileExample.java,False,None,False,None,True,Logic changed,BAEL-4088: clean-up.,Other
repos\tutorials,15535cf0cfd99f2dc7b5b173d2f69893ef892ae9,2020-05-29 18:23:01-04:00,junit:junit,4.12,${junit.version},ConvertMultipartFileExample.java,False,None,False,None,True,Logic changed,BAEL-4088: clean-up.,Other
repos\tutorials,ee694afc51daba4cc90f05fda66b71d25a4252e7,2020-06-10 19:44:13+02:00,net.bytebuddy:byte-buddy,1.10.10,1.10.11,BookRepositoryCachingIntegrationTest.java,False,None,True,"Removed methods: {'givenCachedBookWhenFindByTitleThenRepositoryShouldNotBeHit', 'givenNotCachedBookWhenFindByTitleThenRepositoryShouldBeHit'}",True,Logic changed,[BAEL-3841] PR review updates,Dependency Update
repos\tutorials,ee694afc51daba4cc90f05fda66b71d25a4252e7,2020-06-10 19:44:13+02:00,net.bytebuddy:byte-buddy,1.10.10,1.10.11,BookRepositoryIntegrationTest.java,False,None,True,"Removed methods: {'givenBookThatShouldNotBeCachedWhenFindByTitleThenResultShouldNotBePutInCache', 'givenBookThatShouldBeCachedWhenFindByTitleThenResultShouldBePutInCache'}",True,Logic changed,[BAEL-3841] PR review updates,Dependency Update
repos\tutorials,68d0783c374be09b1146464ecf787c5d2fdf9de6,2020-06-28 06:57:16+02:00,redis.clients:jedis,${redisson.version},${jedis.version},CustomMessage.java,False,None,False,None,True,Logic changed,BAEL-4325: Upgrade reddison to 3.13.1 (#9588),Dependency Update
repos\tutorials,68d0783c374be09b1146464ecf787c5d2fdf9de6,2020-06-28 06:57:16+02:00,redis.clients:jedis,${redisson.version},${jedis.version},Ledger.java,False,None,False,None,True,Logic changed,BAEL-4325: Upgrade reddison to 3.13.1 (#9588),Dependency Update
repos\tutorials,68d0783c374be09b1146464ecf787c5d2fdf9de6,2020-06-28 06:57:16+02:00,redis.clients:jedis,${redisson.version},${jedis.version},RedissonConfigurationIntegrationTest.java,False,None,False,None,True,Logic changed,BAEL-4325: Upgrade reddison to 3.13.1 (#9588),Dependency Update
repos\tutorials,68d0783c374be09b1146464ecf787c5d2fdf9de6,2020-06-28 06:57:16+02:00,redis.clients:jedis,${redisson.version},${jedis.version},RedissonIntegrationTest.java,True,"Removed: set(), Added: {'getResponses', 'setAddress'}",False,None,True,Logic changed,BAEL-4325: Upgrade reddison to 3.13.1 (#9588),Dependency Update
repos\tutorials,7ab2f437eed3854c0715e653173d8321645e3b57,2020-07-07 14:18:10+03:00,org.springframework.data:spring-data-jpa,1.11.23.RELEASE,${spring-data-jpa.version},GraphImageGenerationUnitTest.java,True,"Removed: set(), Added: {'deleteOnExit'}",False,None,True,Logic changed,"Revert ""BAEL-4134""",Other
repos\tutorials,7ab2f437eed3854c0715e653173d8321645e3b57,2020-07-07 14:18:10+03:00,org.apache.activemq:activemq-core,5.7.0,${activemq-core.version},GraphImageGenerationUnitTest.java,True,"Removed: set(), Added: {'deleteOnExit'}",False,None,True,Logic changed,"Revert ""BAEL-4134""",Other
repos\tutorials,7ab2f437eed3854c0715e653173d8321645e3b57,2020-07-07 14:18:10+03:00,org.apache.derby:derby,10.8.1.2,${derby.version},GraphImageGenerationUnitTest.java,True,"Removed: set(), Added: {'deleteOnExit'}",False,None,True,Logic changed,"Revert ""BAEL-4134""",Other
repos\tutorials,7ab2f437eed3854c0715e653173d8321645e3b57,2020-07-07 14:18:10+03:00,junit:junit,4.12,${junit.version},GraphImageGenerationUnitTest.java,True,"Removed: set(), Added: {'deleteOnExit'}",False,None,True,Logic changed,"Revert ""BAEL-4134""",Other
repos\tutorials,7ab2f437eed3854c0715e653173d8321645e3b57,2020-07-07 14:18:10+03:00,javax.transaction:jta,1.1,${jta.version},GraphImageGenerationUnitTest.java,True,"Removed: set(), Added: {'deleteOnExit'}",False,None,True,Logic changed,"Revert ""BAEL-4134""",Other
repos\tutorials,7ab2f437eed3854c0715e653173d8321645e3b57,2020-07-07 14:18:10+03:00,org.apache.geronimo.specs:geronimo-jta_1.0.1B_spec,1.0,${geronimo.version},GraphImageGenerationUnitTest.java,True,"Removed: set(), Added: {'deleteOnExit'}",False,None,True,Logic changed,"Revert ""BAEL-4134""",Other
repos\tutorials,7ab2f437eed3854c0715e653173d8321645e3b57,2020-07-07 14:18:10+03:00,javax.validation:validation-api,2.0.1.Final,${validation-api.version},GraphImageGenerationUnitTest.java,True,"Removed: set(), Added: {'deleteOnExit'}",False,None,True,Logic changed,"Revert ""BAEL-4134""",Other
repos\tutorials,7ab2f437eed3854c0715e653173d8321645e3b57,2020-07-07 14:18:10+03:00,org.hibernate.validator:hibernate-validator,6.1.2.Final,${hibernate-validator.version},GraphImageGenerationUnitTest.java,True,"Removed: set(), Added: {'deleteOnExit'}",False,None,True,Logic changed,"Revert ""BAEL-4134""",Other
repos\tutorials,7ab2f437eed3854c0715e653173d8321645e3b57,2020-07-07 14:18:10+03:00,javax.el:javax.el-api,3.0.0,${javax.el-api.version},GraphImageGenerationUnitTest.java,True,"Removed: set(), Added: {'deleteOnExit'}",False,None,True,Logic changed,"Revert ""BAEL-4134""",Other
repos\tutorials,7ab2f437eed3854c0715e653173d8321645e3b57,2020-07-07 14:18:10+03:00,org.glassfish.web:javax.el,2.2.4,${javax.el.version},GraphImageGenerationUnitTest.java,True,"Removed: set(), Added: {'deleteOnExit'}",False,None,True,Logic changed,"Revert ""BAEL-4134""",Other
repos\tutorials,7ab2f437eed3854c0715e653173d8321645e3b57,2020-07-07 14:18:10+03:00,org.springframework.data:spring-data-jpa,1.11.23.RELEASE,${spring-data-jpa.version},Play2048.java,False,None,False,None,True,Logic changed,"Revert ""BAEL-4134""",Other
repos\tutorials,7ab2f437eed3854c0715e653173d8321645e3b57,2020-07-07 14:18:10+03:00,org.apache.activemq:activemq-core,5.7.0,${activemq-core.version},Play2048.java,False,None,False,None,True,Logic changed,"Revert ""BAEL-4134""",Other
repos\tutorials,7ab2f437eed3854c0715e653173d8321645e3b57,2020-07-07 14:18:10+03:00,org.apache.derby:derby,10.8.1.2,${derby.version},Play2048.java,False,None,False,None,True,Logic changed,"Revert ""BAEL-4134""",Other
repos\tutorials,7ab2f437eed3854c0715e653173d8321645e3b57,2020-07-07 14:18:10+03:00,junit:junit,4.12,${junit.version},Play2048.java,False,None,False,None,True,Logic changed,"Revert ""BAEL-4134""",Other
repos\tutorials,7ab2f437eed3854c0715e653173d8321645e3b57,2020-07-07 14:18:10+03:00,javax.transaction:jta,1.1,${jta.version},Play2048.java,False,None,False,None,True,Logic changed,"Revert ""BAEL-4134""",Other
repos\tutorials,7ab2f437eed3854c0715e653173d8321645e3b57,2020-07-07 14:18:10+03:00,org.apache.geronimo.specs:geronimo-jta_1.0.1B_spec,1.0,${geronimo.version},Play2048.java,False,None,False,None,True,Logic changed,"Revert ""BAEL-4134""",Other
repos\tutorials,7ab2f437eed3854c0715e653173d8321645e3b57,2020-07-07 14:18:10+03:00,javax.validation:validation-api,2.0.1.Final,${validation-api.version},Play2048.java,False,None,False,None,True,Logic changed,"Revert ""BAEL-4134""",Other
repos\tutorials,7ab2f437eed3854c0715e653173d8321645e3b57,2020-07-07 14:18:10+03:00,org.hibernate.validator:hibernate-validator,6.1.2.Final,${hibernate-validator.version},Play2048.java,False,None,False,None,True,Logic changed,"Revert ""BAEL-4134""",Other
repos\tutorials,7ab2f437eed3854c0715e653173d8321645e3b57,2020-07-07 14:18:10+03:00,javax.el:javax.el-api,3.0.0,${javax.el-api.version},Play2048.java,False,None,False,None,True,Logic changed,"Revert ""BAEL-4134""",Other
repos\tutorials,7ab2f437eed3854c0715e653173d8321645e3b57,2020-07-07 14:18:10+03:00,org.glassfish.web:javax.el,2.2.4,${javax.el.version},Play2048.java,False,None,False,None,True,Logic changed,"Revert ""BAEL-4134""",Other
repos\tutorials,7ab2f437eed3854c0715e653173d8321645e3b57,2020-07-07 14:18:10+03:00,org.springframework.data:spring-data-jpa,1.11.23.RELEASE,${spring-data-jpa.version},DutchNationalFlagPartioning.java,False,None,False,None,True,Logic changed,"Revert ""BAEL-4134""",Other
repos\tutorials,7ab2f437eed3854c0715e653173d8321645e3b57,2020-07-07 14:18:10+03:00,org.apache.activemq:activemq-core,5.7.0,${activemq-core.version},DutchNationalFlagPartioning.java,False,None,False,None,True,Logic changed,"Revert ""BAEL-4134""",Other
repos\tutorials,7ab2f437eed3854c0715e653173d8321645e3b57,2020-07-07 14:18:10+03:00,org.apache.derby:derby,10.8.1.2,${derby.version},DutchNationalFlagPartioning.java,False,None,False,None,True,Logic changed,"Revert ""BAEL-4134""",Other
repos\tutorials,7ab2f437eed3854c0715e653173d8321645e3b57,2020-07-07 14:18:10+03:00,junit:junit,4.12,${junit.version},DutchNationalFlagPartioning.java,False,None,False,None,True,Logic changed,"Revert ""BAEL-4134""",Other
repos\tutorials,7ab2f437eed3854c0715e653173d8321645e3b57,2020-07-07 14:18:10+03:00,javax.transaction:jta,1.1,${jta.version},DutchNationalFlagPartioning.java,False,None,False,None,True,Logic changed,"Revert ""BAEL-4134""",Other
repos\tutorials,7ab2f437eed3854c0715e653173d8321645e3b57,2020-07-07 14:18:10+03:00,org.apache.geronimo.specs:geronimo-jta_1.0.1B_spec,1.0,${geronimo.version},DutchNationalFlagPartioning.java,False,None,False,None,True,Logic changed,"Revert ""BAEL-4134""",Other
repos\tutorials,7ab2f437eed3854c0715e653173d8321645e3b57,2020-07-07 14:18:10+03:00,javax.validation:validation-api,2.0.1.Final,${validation-api.version},DutchNationalFlagPartioning.java,False,None,False,None,True,Logic changed,"Revert ""BAEL-4134""",Other
repos\tutorials,7ab2f437eed3854c0715e653173d8321645e3b57,2020-07-07 14:18:10+03:00,org.hibernate.validator:hibernate-validator,6.1.2.Final,${hibernate-validator.version},DutchNationalFlagPartioning.java,False,None,False,None,True,Logic changed,"Revert ""BAEL-4134""",Other
repos\tutorials,7ab2f437eed3854c0715e653173d8321645e3b57,2020-07-07 14:18:10+03:00,javax.el:javax.el-api,3.0.0,${javax.el-api.version},DutchNationalFlagPartioning.java,False,None,False,None,True,Logic changed,"Revert ""BAEL-4134""",Other
repos\tutorials,7ab2f437eed3854c0715e653173d8321645e3b57,2020-07-07 14:18:10+03:00,org.glassfish.web:javax.el,2.2.4,${javax.el.version},DutchNationalFlagPartioning.java,False,None,False,None,True,Logic changed,"Revert ""BAEL-4134""",Other
repos\tutorials,7ab2f437eed3854c0715e653173d8321645e3b57,2020-07-07 14:18:10+03:00,org.springframework.data:spring-data-jpa,1.11.23.RELEASE,${spring-data-jpa.version},User.java,False,None,False,None,True,Logic changed,"Revert ""BAEL-4134""",Other
repos\tutorials,7ab2f437eed3854c0715e653173d8321645e3b57,2020-07-07 14:18:10+03:00,org.apache.activemq:activemq-core,5.7.0,${activemq-core.version},User.java,False,None,False,None,True,Logic changed,"Revert ""BAEL-4134""",Other
repos\tutorials,7ab2f437eed3854c0715e653173d8321645e3b57,2020-07-07 14:18:10+03:00,org.apache.derby:derby,10.8.1.2,${derby.version},User.java,False,None,False,None,True,Logic changed,"Revert ""BAEL-4134""",Other
repos\tutorials,7ab2f437eed3854c0715e653173d8321645e3b57,2020-07-07 14:18:10+03:00,junit:junit,4.12,${junit.version},User.java,False,None,False,None,True,Logic changed,"Revert ""BAEL-4134""",Other
repos\tutorials,7ab2f437eed3854c0715e653173d8321645e3b57,2020-07-07 14:18:10+03:00,javax.transaction:jta,1.1,${jta.version},User.java,False,None,False,None,True,Logic changed,"Revert ""BAEL-4134""",Other
repos\tutorials,7ab2f437eed3854c0715e653173d8321645e3b57,2020-07-07 14:18:10+03:00,org.apache.geronimo.specs:geronimo-jta_1.0.1B_spec,1.0,${geronimo.version},User.java,False,None,False,None,True,Logic changed,"Revert ""BAEL-4134""",Other
repos\tutorials,7ab2f437eed3854c0715e653173d8321645e3b57,2020-07-07 14:18:10+03:00,javax.validation:validation-api,2.0.1.Final,${validation-api.version},User.java,False,None,False,None,True,Logic changed,"Revert ""BAEL-4134""",Other
repos\tutorials,7ab2f437eed3854c0715e653173d8321645e3b57,2020-07-07 14:18:10+03:00,org.hibernate.validator:hibernate-validator,6.1.2.Final,${hibernate-validator.version},User.java,False,None,False,None,True,Logic changed,"Revert ""BAEL-4134""",Other
repos\tutorials,7ab2f437eed3854c0715e653173d8321645e3b57,2020-07-07 14:18:10+03:00,javax.el:javax.el-api,3.0.0,${javax.el-api.version},User.java,False,None,False,None,True,Logic changed,"Revert ""BAEL-4134""",Other
repos\tutorials,7ab2f437eed3854c0715e653173d8321645e3b57,2020-07-07 14:18:10+03:00,org.glassfish.web:javax.el,2.2.4,${javax.el.version},User.java,False,None,False,None,True,Logic changed,"Revert ""BAEL-4134""",Other
repos\tutorials,7ab2f437eed3854c0715e653173d8321645e3b57,2020-07-07 14:18:10+03:00,org.springframework.data:spring-data-jpa,1.11.23.RELEASE,${spring-data-jpa.version},Password.java,False,None,False,None,True,Logic changed,"Revert ""BAEL-4134""",Other
repos\tutorials,7ab2f437eed3854c0715e653173d8321645e3b57,2020-07-07 14:18:10+03:00,org.apache.activemq:activemq-core,5.7.0,${activemq-core.version},Password.java,False,None,False,None,True,Logic changed,"Revert ""BAEL-4134""",Other
repos\tutorials,7ab2f437eed3854c0715e653173d8321645e3b57,2020-07-07 14:18:10+03:00,org.apache.derby:derby,10.8.1.2,${derby.version},Password.java,False,None,False,None,True,Logic changed,"Revert ""BAEL-4134""",Other
repos\tutorials,7ab2f437eed3854c0715e653173d8321645e3b57,2020-07-07 14:18:10+03:00,junit:junit,4.12,${junit.version},Password.java,False,None,False,None,True,Logic changed,"Revert ""BAEL-4134""",Other
repos\tutorials,7ab2f437eed3854c0715e653173d8321645e3b57,2020-07-07 14:18:10+03:00,javax.transaction:jta,1.1,${jta.version},Password.java,False,None,False,None,True,Logic changed,"Revert ""BAEL-4134""",Other
repos\tutorials,7ab2f437eed3854c0715e653173d8321645e3b57,2020-07-07 14:18:10+03:00,org.apache.geronimo.specs:geronimo-jta_1.0.1B_spec,1.0,${geronimo.version},Password.java,False,None,False,None,True,Logic changed,"Revert ""BAEL-4134""",Other
repos\tutorials,7ab2f437eed3854c0715e653173d8321645e3b57,2020-07-07 14:18:10+03:00,javax.validation:validation-api,2.0.1.Final,${validation-api.version},Password.java,False,None,False,None,True,Logic changed,"Revert ""BAEL-4134""",Other
repos\tutorials,7ab2f437eed3854c0715e653173d8321645e3b57,2020-07-07 14:18:10+03:00,org.hibernate.validator:hibernate-validator,6.1.2.Final,${hibernate-validator.version},Password.java,False,None,False,None,True,Logic changed,"Revert ""BAEL-4134""",Other
repos\tutorials,7ab2f437eed3854c0715e653173d8321645e3b57,2020-07-07 14:18:10+03:00,javax.el:javax.el-api,3.0.0,${javax.el-api.version},Password.java,False,None,False,None,True,Logic changed,"Revert ""BAEL-4134""",Other
repos\tutorials,7ab2f437eed3854c0715e653173d8321645e3b57,2020-07-07 14:18:10+03:00,org.glassfish.web:javax.el,2.2.4,${javax.el.version},Password.java,False,None,False,None,True,Logic changed,"Revert ""BAEL-4134""",Other
repos\tutorials,7ab2f437eed3854c0715e653173d8321645e3b57,2020-07-07 14:18:10+03:00,org.springframework.data:spring-data-jpa,1.11.23.RELEASE,${spring-data-jpa.version},PasswordValidator.java,False,None,False,None,True,Logic changed,"Revert ""BAEL-4134""",Other
repos\tutorials,7ab2f437eed3854c0715e653173d8321645e3b57,2020-07-07 14:18:10+03:00,org.apache.activemq:activemq-core,5.7.0,${activemq-core.version},PasswordValidator.java,False,None,False,None,True,Logic changed,"Revert ""BAEL-4134""",Other
repos\tutorials,7ab2f437eed3854c0715e653173d8321645e3b57,2020-07-07 14:18:10+03:00,org.apache.derby:derby,10.8.1.2,${derby.version},PasswordValidator.java,False,None,False,None,True,Logic changed,"Revert ""BAEL-4134""",Other
repos\tutorials,7ab2f437eed3854c0715e653173d8321645e3b57,2020-07-07 14:18:10+03:00,junit:junit,4.12,${junit.version},PasswordValidator.java,False,None,False,None,True,Logic changed,"Revert ""BAEL-4134""",Other
repos\tutorials,7ab2f437eed3854c0715e653173d8321645e3b57,2020-07-07 14:18:10+03:00,javax.transaction:jta,1.1,${jta.version},PasswordValidator.java,False,None,False,None,True,Logic changed,"Revert ""BAEL-4134""",Other
repos\tutorials,7ab2f437eed3854c0715e653173d8321645e3b57,2020-07-07 14:18:10+03:00,org.apache.geronimo.specs:geronimo-jta_1.0.1B_spec,1.0,${geronimo.version},PasswordValidator.java,False,None,False,None,True,Logic changed,"Revert ""BAEL-4134""",Other
repos\tutorials,7ab2f437eed3854c0715e653173d8321645e3b57,2020-07-07 14:18:10+03:00,javax.validation:validation-api,2.0.1.Final,${validation-api.version},PasswordValidator.java,False,None,False,None,True,Logic changed,"Revert ""BAEL-4134""",Other
repos\tutorials,7ab2f437eed3854c0715e653173d8321645e3b57,2020-07-07 14:18:10+03:00,org.hibernate.validator:hibernate-validator,6.1.2.Final,${hibernate-validator.version},PasswordValidator.java,False,None,False,None,True,Logic changed,"Revert ""BAEL-4134""",Other
repos\tutorials,7ab2f437eed3854c0715e653173d8321645e3b57,2020-07-07 14:18:10+03:00,javax.el:javax.el-api,3.0.0,${javax.el-api.version},PasswordValidator.java,False,None,False,None,True,Logic changed,"Revert ""BAEL-4134""",Other
repos\tutorials,7ab2f437eed3854c0715e653173d8321645e3b57,2020-07-07 14:18:10+03:00,org.glassfish.web:javax.el,2.2.4,${javax.el.version},PasswordValidator.java,False,None,False,None,True,Logic changed,"Revert ""BAEL-4134""",Other
repos\tutorials,7ab2f437eed3854c0715e653173d8321645e3b57,2020-07-07 14:18:10+03:00,org.springframework.data:spring-data-jpa,1.11.23.RELEASE,${spring-data-jpa.version},ConsumerUnitTest.java,False,None,False,None,True,Logic changed,"Revert ""BAEL-4134""",Other
repos\tutorials,7ab2f437eed3854c0715e653173d8321645e3b57,2020-07-07 14:18:10+03:00,org.apache.activemq:activemq-core,5.7.0,${activemq-core.version},ConsumerUnitTest.java,False,None,False,None,True,Logic changed,"Revert ""BAEL-4134""",Other
repos\tutorials,7ab2f437eed3854c0715e653173d8321645e3b57,2020-07-07 14:18:10+03:00,org.apache.derby:derby,10.8.1.2,${derby.version},ConsumerUnitTest.java,False,None,False,None,True,Logic changed,"Revert ""BAEL-4134""",Other
repos\tutorials,7ab2f437eed3854c0715e653173d8321645e3b57,2020-07-07 14:18:10+03:00,junit:junit,4.12,${junit.version},ConsumerUnitTest.java,False,None,False,None,True,Logic changed,"Revert ""BAEL-4134""",Other
repos\tutorials,7ab2f437eed3854c0715e653173d8321645e3b57,2020-07-07 14:18:10+03:00,javax.transaction:jta,1.1,${jta.version},ConsumerUnitTest.java,False,None,False,None,True,Logic changed,"Revert ""BAEL-4134""",Other
repos\tutorials,7ab2f437eed3854c0715e653173d8321645e3b57,2020-07-07 14:18:10+03:00,org.apache.geronimo.specs:geronimo-jta_1.0.1B_spec,1.0,${geronimo.version},ConsumerUnitTest.java,False,None,False,None,True,Logic changed,"Revert ""BAEL-4134""",Other
repos\tutorials,7ab2f437eed3854c0715e653173d8321645e3b57,2020-07-07 14:18:10+03:00,javax.validation:validation-api,2.0.1.Final,${validation-api.version},ConsumerUnitTest.java,False,None,False,None,True,Logic changed,"Revert ""BAEL-4134""",Other
repos\tutorials,7ab2f437eed3854c0715e653173d8321645e3b57,2020-07-07 14:18:10+03:00,org.hibernate.validator:hibernate-validator,6.1.2.Final,${hibernate-validator.version},ConsumerUnitTest.java,False,None,False,None,True,Logic changed,"Revert ""BAEL-4134""",Other
repos\tutorials,7ab2f437eed3854c0715e653173d8321645e3b57,2020-07-07 14:18:10+03:00,javax.el:javax.el-api,3.0.0,${javax.el-api.version},ConsumerUnitTest.java,False,None,False,None,True,Logic changed,"Revert ""BAEL-4134""",Other
repos\tutorials,7ab2f437eed3854c0715e653173d8321645e3b57,2020-07-07 14:18:10+03:00,org.glassfish.web:javax.el,2.2.4,${javax.el.version},ConsumerUnitTest.java,False,None,False,None,True,Logic changed,"Revert ""BAEL-4134""",Other
repos\tutorials,7ab2f437eed3854c0715e653173d8321645e3b57,2020-07-07 14:18:10+03:00,org.springframework.data:spring-data-jpa,1.11.23.RELEASE,${spring-data-jpa.version},ProducerUnitTest.java,False,None,False,None,True,Logic changed,"Revert ""BAEL-4134""",Other
repos\tutorials,7ab2f437eed3854c0715e653173d8321645e3b57,2020-07-07 14:18:10+03:00,org.apache.activemq:activemq-core,5.7.0,${activemq-core.version},ProducerUnitTest.java,False,None,False,None,True,Logic changed,"Revert ""BAEL-4134""",Other
repos\tutorials,7ab2f437eed3854c0715e653173d8321645e3b57,2020-07-07 14:18:10+03:00,org.apache.derby:derby,10.8.1.2,${derby.version},ProducerUnitTest.java,False,None,False,None,True,Logic changed,"Revert ""BAEL-4134""",Other
repos\tutorials,7ab2f437eed3854c0715e653173d8321645e3b57,2020-07-07 14:18:10+03:00,junit:junit,4.12,${junit.version},ProducerUnitTest.java,False,None,False,None,True,Logic changed,"Revert ""BAEL-4134""",Other
repos\tutorials,7ab2f437eed3854c0715e653173d8321645e3b57,2020-07-07 14:18:10+03:00,javax.transaction:jta,1.1,${jta.version},ProducerUnitTest.java,False,None,False,None,True,Logic changed,"Revert ""BAEL-4134""",Other
repos\tutorials,7ab2f437eed3854c0715e653173d8321645e3b57,2020-07-07 14:18:10+03:00,org.apache.geronimo.specs:geronimo-jta_1.0.1B_spec,1.0,${geronimo.version},ProducerUnitTest.java,False,None,False,None,True,Logic changed,"Revert ""BAEL-4134""",Other
repos\tutorials,7ab2f437eed3854c0715e653173d8321645e3b57,2020-07-07 14:18:10+03:00,javax.validation:validation-api,2.0.1.Final,${validation-api.version},ProducerUnitTest.java,False,None,False,None,True,Logic changed,"Revert ""BAEL-4134""",Other
repos\tutorials,7ab2f437eed3854c0715e653173d8321645e3b57,2020-07-07 14:18:10+03:00,org.hibernate.validator:hibernate-validator,6.1.2.Final,${hibernate-validator.version},ProducerUnitTest.java,False,None,False,None,True,Logic changed,"Revert ""BAEL-4134""",Other
repos\tutorials,7ab2f437eed3854c0715e653173d8321645e3b57,2020-07-07 14:18:10+03:00,javax.el:javax.el-api,3.0.0,${javax.el-api.version},ProducerUnitTest.java,False,None,False,None,True,Logic changed,"Revert ""BAEL-4134""",Other
repos\tutorials,7ab2f437eed3854c0715e653173d8321645e3b57,2020-07-07 14:18:10+03:00,org.glassfish.web:javax.el,2.2.4,${javax.el.version},ProducerUnitTest.java,False,None,False,None,True,Logic changed,"Revert ""BAEL-4134""",Other
repos\tutorials,7ab2f437eed3854c0715e653173d8321645e3b57,2020-07-07 14:18:10+03:00,org.springframework.data:spring-data-jpa,1.11.23.RELEASE,${spring-data-jpa.version},ExclusiveSubscriptionUnitTest.java,False,None,False,None,True,Logic changed,"Revert ""BAEL-4134""",Other
repos\tutorials,7ab2f437eed3854c0715e653173d8321645e3b57,2020-07-07 14:18:10+03:00,org.apache.activemq:activemq-core,5.7.0,${activemq-core.version},ExclusiveSubscriptionUnitTest.java,False,None,False,None,True,Logic changed,"Revert ""BAEL-4134""",Other
repos\tutorials,7ab2f437eed3854c0715e653173d8321645e3b57,2020-07-07 14:18:10+03:00,org.apache.derby:derby,10.8.1.2,${derby.version},ExclusiveSubscriptionUnitTest.java,False,None,False,None,True,Logic changed,"Revert ""BAEL-4134""",Other
repos\tutorials,7ab2f437eed3854c0715e653173d8321645e3b57,2020-07-07 14:18:10+03:00,junit:junit,4.12,${junit.version},ExclusiveSubscriptionUnitTest.java,False,None,False,None,True,Logic changed,"Revert ""BAEL-4134""",Other
repos\tutorials,7ab2f437eed3854c0715e653173d8321645e3b57,2020-07-07 14:18:10+03:00,javax.transaction:jta,1.1,${jta.version},ExclusiveSubscriptionUnitTest.java,False,None,False,None,True,Logic changed,"Revert ""BAEL-4134""",Other
repos\tutorials,7ab2f437eed3854c0715e653173d8321645e3b57,2020-07-07 14:18:10+03:00,org.apache.geronimo.specs:geronimo-jta_1.0.1B_spec,1.0,${geronimo.version},ExclusiveSubscriptionUnitTest.java,False,None,False,None,True,Logic changed,"Revert ""BAEL-4134""",Other
repos\tutorials,7ab2f437eed3854c0715e653173d8321645e3b57,2020-07-07 14:18:10+03:00,javax.validation:validation-api,2.0.1.Final,${validation-api.version},ExclusiveSubscriptionUnitTest.java,False,None,False,None,True,Logic changed,"Revert ""BAEL-4134""",Other
repos\tutorials,7ab2f437eed3854c0715e653173d8321645e3b57,2020-07-07 14:18:10+03:00,org.hibernate.validator:hibernate-validator,6.1.2.Final,${hibernate-validator.version},ExclusiveSubscriptionUnitTest.java,False,None,False,None,True,Logic changed,"Revert ""BAEL-4134""",Other
repos\tutorials,7ab2f437eed3854c0715e653173d8321645e3b57,2020-07-07 14:18:10+03:00,javax.el:javax.el-api,3.0.0,${javax.el-api.version},ExclusiveSubscriptionUnitTest.java,False,None,False,None,True,Logic changed,"Revert ""BAEL-4134""",Other
repos\tutorials,7ab2f437eed3854c0715e653173d8321645e3b57,2020-07-07 14:18:10+03:00,org.glassfish.web:javax.el,2.2.4,${javax.el.version},ExclusiveSubscriptionUnitTest.java,False,None,False,None,True,Logic changed,"Revert ""BAEL-4134""",Other
repos\tutorials,7ab2f437eed3854c0715e653173d8321645e3b57,2020-07-07 14:18:10+03:00,org.springframework.data:spring-data-jpa,1.11.23.RELEASE,${spring-data-jpa.version},FailoverSubscriptionUnitTest.java,False,None,False,None,True,Logic changed,"Revert ""BAEL-4134""",Other
repos\tutorials,7ab2f437eed3854c0715e653173d8321645e3b57,2020-07-07 14:18:10+03:00,org.apache.activemq:activemq-core,5.7.0,${activemq-core.version},FailoverSubscriptionUnitTest.java,False,None,False,None,True,Logic changed,"Revert ""BAEL-4134""",Other
repos\tutorials,7ab2f437eed3854c0715e653173d8321645e3b57,2020-07-07 14:18:10+03:00,org.apache.derby:derby,10.8.1.2,${derby.version},FailoverSubscriptionUnitTest.java,False,None,False,None,True,Logic changed,"Revert ""BAEL-4134""",Other
repos\tutorials,7ab2f437eed3854c0715e653173d8321645e3b57,2020-07-07 14:18:10+03:00,junit:junit,4.12,${junit.version},FailoverSubscriptionUnitTest.java,False,None,False,None,True,Logic changed,"Revert ""BAEL-4134""",Other
repos\tutorials,7ab2f437eed3854c0715e653173d8321645e3b57,2020-07-07 14:18:10+03:00,javax.transaction:jta,1.1,${jta.version},FailoverSubscriptionUnitTest.java,False,None,False,None,True,Logic changed,"Revert ""BAEL-4134""",Other
repos\tutorials,7ab2f437eed3854c0715e653173d8321645e3b57,2020-07-07 14:18:10+03:00,org.apache.geronimo.specs:geronimo-jta_1.0.1B_spec,1.0,${geronimo.version},FailoverSubscriptionUnitTest.java,False,None,False,None,True,Logic changed,"Revert ""BAEL-4134""",Other
repos\tutorials,7ab2f437eed3854c0715e653173d8321645e3b57,2020-07-07 14:18:10+03:00,javax.validation:validation-api,2.0.1.Final,${validation-api.version},FailoverSubscriptionUnitTest.java,False,None,False,None,True,Logic changed,"Revert ""BAEL-4134""",Other
repos\tutorials,7ab2f437eed3854c0715e653173d8321645e3b57,2020-07-07 14:18:10+03:00,org.hibernate.validator:hibernate-validator,6.1.2.Final,${hibernate-validator.version},FailoverSubscriptionUnitTest.java,False,None,False,None,True,Logic changed,"Revert ""BAEL-4134""",Other
repos\tutorials,7ab2f437eed3854c0715e653173d8321645e3b57,2020-07-07 14:18:10+03:00,javax.el:javax.el-api,3.0.0,${javax.el-api.version},FailoverSubscriptionUnitTest.java,False,None,False,None,True,Logic changed,"Revert ""BAEL-4134""",Other
repos\tutorials,7ab2f437eed3854c0715e653173d8321645e3b57,2020-07-07 14:18:10+03:00,org.glassfish.web:javax.el,2.2.4,${javax.el.version},FailoverSubscriptionUnitTest.java,False,None,False,None,True,Logic changed,"Revert ""BAEL-4134""",Other
repos\tutorials,7ab2f437eed3854c0715e653173d8321645e3b57,2020-07-07 14:18:10+03:00,org.springframework.data:spring-data-jpa,1.11.23.RELEASE,${spring-data-jpa.version},ValidationIntegrationTest.java,False,None,False,None,True,Logic changed,"Revert ""BAEL-4134""",Other
repos\tutorials,7ab2f437eed3854c0715e653173d8321645e3b57,2020-07-07 14:18:10+03:00,org.apache.activemq:activemq-core,5.7.0,${activemq-core.version},ValidationIntegrationTest.java,False,None,False,None,True,Logic changed,"Revert ""BAEL-4134""",Other
repos\tutorials,7ab2f437eed3854c0715e653173d8321645e3b57,2020-07-07 14:18:10+03:00,org.apache.derby:derby,10.8.1.2,${derby.version},ValidationIntegrationTest.java,False,None,False,None,True,Logic changed,"Revert ""BAEL-4134""",Other
repos\tutorials,7ab2f437eed3854c0715e653173d8321645e3b57,2020-07-07 14:18:10+03:00,junit:junit,4.12,${junit.version},ValidationIntegrationTest.java,False,None,False,None,True,Logic changed,"Revert ""BAEL-4134""",Other
repos\tutorials,7ab2f437eed3854c0715e653173d8321645e3b57,2020-07-07 14:18:10+03:00,javax.transaction:jta,1.1,${jta.version},ValidationIntegrationTest.java,False,None,False,None,True,Logic changed,"Revert ""BAEL-4134""",Other
repos\tutorials,7ab2f437eed3854c0715e653173d8321645e3b57,2020-07-07 14:18:10+03:00,org.apache.geronimo.specs:geronimo-jta_1.0.1B_spec,1.0,${geronimo.version},ValidationIntegrationTest.java,False,None,False,None,True,Logic changed,"Revert ""BAEL-4134""",Other
repos\tutorials,7ab2f437eed3854c0715e653173d8321645e3b57,2020-07-07 14:18:10+03:00,javax.validation:validation-api,2.0.1.Final,${validation-api.version},ValidationIntegrationTest.java,False,None,False,None,True,Logic changed,"Revert ""BAEL-4134""",Other
repos\tutorials,7ab2f437eed3854c0715e653173d8321645e3b57,2020-07-07 14:18:10+03:00,org.hibernate.validator:hibernate-validator,6.1.2.Final,${hibernate-validator.version},ValidationIntegrationTest.java,False,None,False,None,True,Logic changed,"Revert ""BAEL-4134""",Other
repos\tutorials,7ab2f437eed3854c0715e653173d8321645e3b57,2020-07-07 14:18:10+03:00,javax.el:javax.el-api,3.0.0,${javax.el-api.version},ValidationIntegrationTest.java,False,None,False,None,True,Logic changed,"Revert ""BAEL-4134""",Other
repos\tutorials,7ab2f437eed3854c0715e653173d8321645e3b57,2020-07-07 14:18:10+03:00,org.glassfish.web:javax.el,2.2.4,${javax.el.version},ValidationIntegrationTest.java,False,None,False,None,True,Logic changed,"Revert ""BAEL-4134""",Other
repos\tutorials,7ab2f437eed3854c0715e653173d8321645e3b57,2020-07-07 14:18:10+03:00,org.springframework.data:spring-data-jpa,1.11.23.RELEASE,${spring-data-jpa.version},AwsAppSyncApplicationUnitTest.java,False,None,False,None,True,Logic changed,"Revert ""BAEL-4134""",Other
repos\tutorials,7ab2f437eed3854c0715e653173d8321645e3b57,2020-07-07 14:18:10+03:00,org.apache.activemq:activemq-core,5.7.0,${activemq-core.version},AwsAppSyncApplicationUnitTest.java,False,None,False,None,True,Logic changed,"Revert ""BAEL-4134""",Other
repos\tutorials,7ab2f437eed3854c0715e653173d8321645e3b57,2020-07-07 14:18:10+03:00,org.apache.derby:derby,10.8.1.2,${derby.version},AwsAppSyncApplicationUnitTest.java,False,None,False,None,True,Logic changed,"Revert ""BAEL-4134""",Other
repos\tutorials,7ab2f437eed3854c0715e653173d8321645e3b57,2020-07-07 14:18:10+03:00,junit:junit,4.12,${junit.version},AwsAppSyncApplicationUnitTest.java,False,None,False,None,True,Logic changed,"Revert ""BAEL-4134""",Other
repos\tutorials,7ab2f437eed3854c0715e653173d8321645e3b57,2020-07-07 14:18:10+03:00,javax.transaction:jta,1.1,${jta.version},AwsAppSyncApplicationUnitTest.java,False,None,False,None,True,Logic changed,"Revert ""BAEL-4134""",Other
repos\tutorials,7ab2f437eed3854c0715e653173d8321645e3b57,2020-07-07 14:18:10+03:00,org.apache.geronimo.specs:geronimo-jta_1.0.1B_spec,1.0,${geronimo.version},AwsAppSyncApplicationUnitTest.java,False,None,False,None,True,Logic changed,"Revert ""BAEL-4134""",Other
repos\tutorials,7ab2f437eed3854c0715e653173d8321645e3b57,2020-07-07 14:18:10+03:00,javax.validation:validation-api,2.0.1.Final,${validation-api.version},AwsAppSyncApplicationUnitTest.java,False,None,False,None,True,Logic changed,"Revert ""BAEL-4134""",Other
repos\tutorials,7ab2f437eed3854c0715e653173d8321645e3b57,2020-07-07 14:18:10+03:00,org.hibernate.validator:hibernate-validator,6.1.2.Final,${hibernate-validator.version},AwsAppSyncApplicationUnitTest.java,False,None,False,None,True,Logic changed,"Revert ""BAEL-4134""",Other
repos\tutorials,7ab2f437eed3854c0715e653173d8321645e3b57,2020-07-07 14:18:10+03:00,javax.el:javax.el-api,3.0.0,${javax.el-api.version},AwsAppSyncApplicationUnitTest.java,False,None,False,None,True,Logic changed,"Revert ""BAEL-4134""",Other
repos\tutorials,7ab2f437eed3854c0715e653173d8321645e3b57,2020-07-07 14:18:10+03:00,org.glassfish.web:javax.el,2.2.4,${javax.el.version},AwsAppSyncApplicationUnitTest.java,False,None,False,None,True,Logic changed,"Revert ""BAEL-4134""",Other
repos\tutorials,7ab2f437eed3854c0715e653173d8321645e3b57,2020-07-07 14:18:10+03:00,org.springframework.data:spring-data-jpa,1.11.23.RELEASE,${spring-data-jpa.version},BaeldungSychronizedBlockUnitTest.java,True,"Removed: set(), Added: {'println'}",False,None,True,Logic changed,"Revert ""BAEL-4134""",Other
repos\tutorials,7ab2f437eed3854c0715e653173d8321645e3b57,2020-07-07 14:18:10+03:00,org.apache.activemq:activemq-core,5.7.0,${activemq-core.version},BaeldungSychronizedBlockUnitTest.java,True,"Removed: set(), Added: {'println'}",False,None,True,Logic changed,"Revert ""BAEL-4134""",Other
repos\tutorials,7ab2f437eed3854c0715e653173d8321645e3b57,2020-07-07 14:18:10+03:00,org.apache.derby:derby,10.8.1.2,${derby.version},BaeldungSychronizedBlockUnitTest.java,True,"Removed: set(), Added: {'println'}",False,None,True,Logic changed,"Revert ""BAEL-4134""",Other
repos\tutorials,7ab2f437eed3854c0715e653173d8321645e3b57,2020-07-07 14:18:10+03:00,junit:junit,4.12,${junit.version},BaeldungSychronizedBlockUnitTest.java,True,"Removed: set(), Added: {'println'}",False,None,True,Logic changed,"Revert ""BAEL-4134""",Other
repos\tutorials,7ab2f437eed3854c0715e653173d8321645e3b57,2020-07-07 14:18:10+03:00,javax.transaction:jta,1.1,${jta.version},BaeldungSychronizedBlockUnitTest.java,True,"Removed: set(), Added: {'println'}",False,None,True,Logic changed,"Revert ""BAEL-4134""",Other
repos\tutorials,7ab2f437eed3854c0715e653173d8321645e3b57,2020-07-07 14:18:10+03:00,org.apache.geronimo.specs:geronimo-jta_1.0.1B_spec,1.0,${geronimo.version},BaeldungSychronizedBlockUnitTest.java,True,"Removed: set(), Added: {'println'}",False,None,True,Logic changed,"Revert ""BAEL-4134""",Other
repos\tutorials,7ab2f437eed3854c0715e653173d8321645e3b57,2020-07-07 14:18:10+03:00,javax.validation:validation-api,2.0.1.Final,${validation-api.version},BaeldungSychronizedBlockUnitTest.java,True,"Removed: set(), Added: {'println'}",False,None,True,Logic changed,"Revert ""BAEL-4134""",Other
repos\tutorials,7ab2f437eed3854c0715e653173d8321645e3b57,2020-07-07 14:18:10+03:00,org.hibernate.validator:hibernate-validator,6.1.2.Final,${hibernate-validator.version},BaeldungSychronizedBlockUnitTest.java,True,"Removed: set(), Added: {'println'}",False,None,True,Logic changed,"Revert ""BAEL-4134""",Other
repos\tutorials,7ab2f437eed3854c0715e653173d8321645e3b57,2020-07-07 14:18:10+03:00,javax.el:javax.el-api,3.0.0,${javax.el-api.version},BaeldungSychronizedBlockUnitTest.java,True,"Removed: set(), Added: {'println'}",False,None,True,Logic changed,"Revert ""BAEL-4134""",Other
repos\tutorials,7ab2f437eed3854c0715e653173d8321645e3b57,2020-07-07 14:18:10+03:00,org.glassfish.web:javax.el,2.2.4,${javax.el.version},BaeldungSychronizedBlockUnitTest.java,True,"Removed: set(), Added: {'println'}",False,None,True,Logic changed,"Revert ""BAEL-4134""",Other
repos\tutorials,7ab2f437eed3854c0715e653173d8321645e3b57,2020-07-07 14:18:10+03:00,org.springframework.data:spring-data-jpa,1.11.23.RELEASE,${spring-data-jpa.version},JavaFolderSizeUnitTest.java,True,"Removed: {'breadthFirstTraversal', 'fileTreeTraverser'}, Added: {'breadthFirst', 'fileTraverser'}",False,None,True,Logic changed,"Revert ""BAEL-4134""",Other
repos\tutorials,7ab2f437eed3854c0715e653173d8321645e3b57,2020-07-07 14:18:10+03:00,org.apache.activemq:activemq-core,5.7.0,${activemq-core.version},JavaFolderSizeUnitTest.java,True,"Removed: {'breadthFirstTraversal', 'fileTreeTraverser'}, Added: {'breadthFirst', 'fileTraverser'}",False,None,True,Logic changed,"Revert ""BAEL-4134""",Other
repos\tutorials,7ab2f437eed3854c0715e653173d8321645e3b57,2020-07-07 14:18:10+03:00,org.apache.derby:derby,10.8.1.2,${derby.version},JavaFolderSizeUnitTest.java,True,"Removed: {'breadthFirstTraversal', 'fileTreeTraverser'}, Added: {'breadthFirst', 'fileTraverser'}",False,None,True,Logic changed,"Revert ""BAEL-4134""",Other
repos\tutorials,7ab2f437eed3854c0715e653173d8321645e3b57,2020-07-07 14:18:10+03:00,junit:junit,4.12,${junit.version},JavaFolderSizeUnitTest.java,True,"Removed: {'breadthFirstTraversal', 'fileTreeTraverser'}, Added: {'breadthFirst', 'fileTraverser'}",False,None,True,Logic changed,"Revert ""BAEL-4134""",Other
repos\tutorials,7ab2f437eed3854c0715e653173d8321645e3b57,2020-07-07 14:18:10+03:00,javax.transaction:jta,1.1,${jta.version},JavaFolderSizeUnitTest.java,True,"Removed: {'breadthFirstTraversal', 'fileTreeTraverser'}, Added: {'breadthFirst', 'fileTraverser'}",False,None,True,Logic changed,"Revert ""BAEL-4134""",Other
repos\tutorials,7ab2f437eed3854c0715e653173d8321645e3b57,2020-07-07 14:18:10+03:00,org.apache.geronimo.specs:geronimo-jta_1.0.1B_spec,1.0,${geronimo.version},JavaFolderSizeUnitTest.java,True,"Removed: {'breadthFirstTraversal', 'fileTreeTraverser'}, Added: {'breadthFirst', 'fileTraverser'}",False,None,True,Logic changed,"Revert ""BAEL-4134""",Other
repos\tutorials,7ab2f437eed3854c0715e653173d8321645e3b57,2020-07-07 14:18:10+03:00,javax.validation:validation-api,2.0.1.Final,${validation-api.version},JavaFolderSizeUnitTest.java,True,"Removed: {'breadthFirstTraversal', 'fileTreeTraverser'}, Added: {'breadthFirst', 'fileTraverser'}",False,None,True,Logic changed,"Revert ""BAEL-4134""",Other
repos\tutorials,7ab2f437eed3854c0715e653173d8321645e3b57,2020-07-07 14:18:10+03:00,org.hibernate.validator:hibernate-validator,6.1.2.Final,${hibernate-validator.version},JavaFolderSizeUnitTest.java,True,"Removed: {'breadthFirstTraversal', 'fileTreeTraverser'}, Added: {'breadthFirst', 'fileTraverser'}",False,None,True,Logic changed,"Revert ""BAEL-4134""",Other
repos\tutorials,7ab2f437eed3854c0715e653173d8321645e3b57,2020-07-07 14:18:10+03:00,javax.el:javax.el-api,3.0.0,${javax.el-api.version},JavaFolderSizeUnitTest.java,True,"Removed: {'breadthFirstTraversal', 'fileTreeTraverser'}, Added: {'breadthFirst', 'fileTraverser'}",False,None,True,Logic changed,"Revert ""BAEL-4134""",Other
repos\tutorials,7ab2f437eed3854c0715e653173d8321645e3b57,2020-07-07 14:18:10+03:00,org.glassfish.web:javax.el,2.2.4,${javax.el.version},JavaFolderSizeUnitTest.java,True,"Removed: {'breadthFirstTraversal', 'fileTreeTraverser'}, Added: {'breadthFirst', 'fileTraverser'}",False,None,True,Logic changed,"Revert ""BAEL-4134""",Other
repos\tutorials,7ab2f437eed3854c0715e653173d8321645e3b57,2020-07-07 14:18:10+03:00,org.springframework.data:spring-data-jpa,1.11.23.RELEASE,${spring-data-jpa.version},PersonWithEquals.java,False,None,True,"Removed methods: {'lastName', 'firstName', 'birthDate'}",True,Logic changed,"Revert ""BAEL-4134""",Other
repos\tutorials,7ab2f437eed3854c0715e653173d8321645e3b57,2020-07-07 14:18:10+03:00,org.apache.activemq:activemq-core,5.7.0,${activemq-core.version},PersonWithEquals.java,False,None,True,"Removed methods: {'lastName', 'firstName', 'birthDate'}",True,Logic changed,"Revert ""BAEL-4134""",Other
repos\tutorials,7ab2f437eed3854c0715e653173d8321645e3b57,2020-07-07 14:18:10+03:00,org.apache.derby:derby,10.8.1.2,${derby.version},PersonWithEquals.java,False,None,True,"Removed methods: {'lastName', 'firstName', 'birthDate'}",True,Logic changed,"Revert ""BAEL-4134""",Other
repos\tutorials,7ab2f437eed3854c0715e653173d8321645e3b57,2020-07-07 14:18:10+03:00,junit:junit,4.12,${junit.version},PersonWithEquals.java,False,None,True,"Removed methods: {'lastName', 'firstName', 'birthDate'}",True,Logic changed,"Revert ""BAEL-4134""",Other
repos\tutorials,7ab2f437eed3854c0715e653173d8321645e3b57,2020-07-07 14:18:10+03:00,javax.transaction:jta,1.1,${jta.version},PersonWithEquals.java,False,None,True,"Removed methods: {'lastName', 'firstName', 'birthDate'}",True,Logic changed,"Revert ""BAEL-4134""",Other
repos\tutorials,7ab2f437eed3854c0715e653173d8321645e3b57,2020-07-07 14:18:10+03:00,org.apache.geronimo.specs:geronimo-jta_1.0.1B_spec,1.0,${geronimo.version},PersonWithEquals.java,False,None,True,"Removed methods: {'lastName', 'firstName', 'birthDate'}",True,Logic changed,"Revert ""BAEL-4134""",Other
repos\tutorials,7ab2f437eed3854c0715e653173d8321645e3b57,2020-07-07 14:18:10+03:00,javax.validation:validation-api,2.0.1.Final,${validation-api.version},PersonWithEquals.java,False,None,True,"Removed methods: {'lastName', 'firstName', 'birthDate'}",True,Logic changed,"Revert ""BAEL-4134""",Other
repos\tutorials,7ab2f437eed3854c0715e653173d8321645e3b57,2020-07-07 14:18:10+03:00,org.hibernate.validator:hibernate-validator,6.1.2.Final,${hibernate-validator.version},PersonWithEquals.java,False,None,True,"Removed methods: {'lastName', 'firstName', 'birthDate'}",True,Logic changed,"Revert ""BAEL-4134""",Other
repos\tutorials,7ab2f437eed3854c0715e653173d8321645e3b57,2020-07-07 14:18:10+03:00,javax.el:javax.el-api,3.0.0,${javax.el-api.version},PersonWithEquals.java,False,None,True,"Removed methods: {'lastName', 'firstName', 'birthDate'}",True,Logic changed,"Revert ""BAEL-4134""",Other
repos\tutorials,7ab2f437eed3854c0715e653173d8321645e3b57,2020-07-07 14:18:10+03:00,org.glassfish.web:javax.el,2.2.4,${javax.el.version},PersonWithEquals.java,False,None,True,"Removed methods: {'lastName', 'firstName', 'birthDate'}",True,Logic changed,"Revert ""BAEL-4134""",Other
repos\tutorials,7ab2f437eed3854c0715e653173d8321645e3b57,2020-07-07 14:18:10+03:00,org.springframework.data:spring-data-jpa,1.11.23.RELEASE,${spring-data-jpa.version},PersonWithEqualsAndComparable.java,False,None,False,None,True,Logic changed,"Revert ""BAEL-4134""",Other
repos\tutorials,7ab2f437eed3854c0715e653173d8321645e3b57,2020-07-07 14:18:10+03:00,org.apache.activemq:activemq-core,5.7.0,${activemq-core.version},PersonWithEqualsAndComparable.java,False,None,False,None,True,Logic changed,"Revert ""BAEL-4134""",Other
repos\tutorials,7ab2f437eed3854c0715e653173d8321645e3b57,2020-07-07 14:18:10+03:00,org.apache.derby:derby,10.8.1.2,${derby.version},PersonWithEqualsAndComparable.java,False,None,False,None,True,Logic changed,"Revert ""BAEL-4134""",Other
repos\tutorials,7ab2f437eed3854c0715e653173d8321645e3b57,2020-07-07 14:18:10+03:00,junit:junit,4.12,${junit.version},PersonWithEqualsAndComparable.java,False,None,False,None,True,Logic changed,"Revert ""BAEL-4134""",Other
repos\tutorials,7ab2f437eed3854c0715e653173d8321645e3b57,2020-07-07 14:18:10+03:00,javax.transaction:jta,1.1,${jta.version},PersonWithEqualsAndComparable.java,False,None,False,None,True,Logic changed,"Revert ""BAEL-4134""",Other
repos\tutorials,7ab2f437eed3854c0715e653173d8321645e3b57,2020-07-07 14:18:10+03:00,org.apache.geronimo.specs:geronimo-jta_1.0.1B_spec,1.0,${geronimo.version},PersonWithEqualsAndComparable.java,False,None,False,None,True,Logic changed,"Revert ""BAEL-4134""",Other
repos\tutorials,7ab2f437eed3854c0715e653173d8321645e3b57,2020-07-07 14:18:10+03:00,javax.validation:validation-api,2.0.1.Final,${validation-api.version},PersonWithEqualsAndComparable.java,False,None,False,None,True,Logic changed,"Revert ""BAEL-4134""",Other
repos\tutorials,7ab2f437eed3854c0715e653173d8321645e3b57,2020-07-07 14:18:10+03:00,org.hibernate.validator:hibernate-validator,6.1.2.Final,${hibernate-validator.version},PersonWithEqualsAndComparable.java,False,None,False,None,True,Logic changed,"Revert ""BAEL-4134""",Other
repos\tutorials,7ab2f437eed3854c0715e653173d8321645e3b57,2020-07-07 14:18:10+03:00,javax.el:javax.el-api,3.0.0,${javax.el-api.version},PersonWithEqualsAndComparable.java,False,None,False,None,True,Logic changed,"Revert ""BAEL-4134""",Other
repos\tutorials,7ab2f437eed3854c0715e653173d8321645e3b57,2020-07-07 14:18:10+03:00,org.glassfish.web:javax.el,2.2.4,${javax.el.version},PersonWithEqualsAndComparable.java,False,None,False,None,True,Logic changed,"Revert ""BAEL-4134""",Other
repos\tutorials,7ab2f437eed3854c0715e653173d8321645e3b57,2020-07-07 14:18:10+03:00,org.springframework.data:spring-data-jpa,1.11.23.RELEASE,${spring-data-jpa.version},PersonWithEqualsAndComparableUsingComparator.java,False,None,True,"Removed methods: {'lastName', 'firstName', 'birthDate'}",True,Logic changed,"Revert ""BAEL-4134""",Other
repos\tutorials,7ab2f437eed3854c0715e653173d8321645e3b57,2020-07-07 14:18:10+03:00,org.apache.activemq:activemq-core,5.7.0,${activemq-core.version},PersonWithEqualsAndComparableUsingComparator.java,False,None,True,"Removed methods: {'lastName', 'firstName', 'birthDate'}",True,Logic changed,"Revert ""BAEL-4134""",Other
repos\tutorials,7ab2f437eed3854c0715e653173d8321645e3b57,2020-07-07 14:18:10+03:00,org.apache.derby:derby,10.8.1.2,${derby.version},PersonWithEqualsAndComparableUsingComparator.java,False,None,True,"Removed methods: {'lastName', 'firstName', 'birthDate'}",True,Logic changed,"Revert ""BAEL-4134""",Other
repos\tutorials,7ab2f437eed3854c0715e653173d8321645e3b57,2020-07-07 14:18:10+03:00,junit:junit,4.12,${junit.version},PersonWithEqualsAndComparableUsingComparator.java,False,None,True,"Removed methods: {'lastName', 'firstName', 'birthDate'}",True,Logic changed,"Revert ""BAEL-4134""",Other
repos\tutorials,7ab2f437eed3854c0715e653173d8321645e3b57,2020-07-07 14:18:10+03:00,javax.transaction:jta,1.1,${jta.version},PersonWithEqualsAndComparableUsingComparator.java,False,None,True,"Removed methods: {'lastName', 'firstName', 'birthDate'}",True,Logic changed,"Revert ""BAEL-4134""",Other
repos\tutorials,7ab2f437eed3854c0715e653173d8321645e3b57,2020-07-07 14:18:10+03:00,org.apache.geronimo.specs:geronimo-jta_1.0.1B_spec,1.0,${geronimo.version},PersonWithEqualsAndComparableUsingComparator.java,False,None,True,"Removed methods: {'lastName', 'firstName', 'birthDate'}",True,Logic changed,"Revert ""BAEL-4134""",Other
repos\tutorials,7ab2f437eed3854c0715e653173d8321645e3b57,2020-07-07 14:18:10+03:00,javax.validation:validation-api,2.0.1.Final,${validation-api.version},PersonWithEqualsAndComparableUsingComparator.java,False,None,True,"Removed methods: {'lastName', 'firstName', 'birthDate'}",True,Logic changed,"Revert ""BAEL-4134""",Other
repos\tutorials,7ab2f437eed3854c0715e653173d8321645e3b57,2020-07-07 14:18:10+03:00,org.hibernate.validator:hibernate-validator,6.1.2.Final,${hibernate-validator.version},PersonWithEqualsAndComparableUsingComparator.java,False,None,True,"Removed methods: {'lastName', 'firstName', 'birthDate'}",True,Logic changed,"Revert ""BAEL-4134""",Other
repos\tutorials,7ab2f437eed3854c0715e653173d8321645e3b57,2020-07-07 14:18:10+03:00,javax.el:javax.el-api,3.0.0,${javax.el-api.version},PersonWithEqualsAndComparableUsingComparator.java,False,None,True,"Removed methods: {'lastName', 'firstName', 'birthDate'}",True,Logic changed,"Revert ""BAEL-4134""",Other
repos\tutorials,7ab2f437eed3854c0715e653173d8321645e3b57,2020-07-07 14:18:10+03:00,org.glassfish.web:javax.el,2.2.4,${javax.el.version},PersonWithEqualsAndComparableUsingComparator.java,False,None,True,"Removed methods: {'lastName', 'firstName', 'birthDate'}",True,Logic changed,"Revert ""BAEL-4134""",Other
repos\tutorials,7ab2f437eed3854c0715e653173d8321645e3b57,2020-07-07 14:18:10+03:00,org.springframework.data:spring-data-jpa,1.11.23.RELEASE,${spring-data-jpa.version},PersonWithEqualsAndWrongComparable.java,False,None,False,None,True,Logic changed,"Revert ""BAEL-4134""",Other
repos\tutorials,7ab2f437eed3854c0715e653173d8321645e3b57,2020-07-07 14:18:10+03:00,org.apache.activemq:activemq-core,5.7.0,${activemq-core.version},PersonWithEqualsAndWrongComparable.java,False,None,False,None,True,Logic changed,"Revert ""BAEL-4134""",Other
repos\tutorials,7ab2f437eed3854c0715e653173d8321645e3b57,2020-07-07 14:18:10+03:00,org.apache.derby:derby,10.8.1.2,${derby.version},PersonWithEqualsAndWrongComparable.java,False,None,False,None,True,Logic changed,"Revert ""BAEL-4134""",Other
repos\tutorials,7ab2f437eed3854c0715e653173d8321645e3b57,2020-07-07 14:18:10+03:00,junit:junit,4.12,${junit.version},PersonWithEqualsAndWrongComparable.java,False,None,False,None,True,Logic changed,"Revert ""BAEL-4134""",Other
repos\tutorials,7ab2f437eed3854c0715e653173d8321645e3b57,2020-07-07 14:18:10+03:00,javax.transaction:jta,1.1,${jta.version},PersonWithEqualsAndWrongComparable.java,False,None,False,None,True,Logic changed,"Revert ""BAEL-4134""",Other
repos\tutorials,7ab2f437eed3854c0715e653173d8321645e3b57,2020-07-07 14:18:10+03:00,org.apache.geronimo.specs:geronimo-jta_1.0.1B_spec,1.0,${geronimo.version},PersonWithEqualsAndWrongComparable.java,False,None,False,None,True,Logic changed,"Revert ""BAEL-4134""",Other
repos\tutorials,7ab2f437eed3854c0715e653173d8321645e3b57,2020-07-07 14:18:10+03:00,javax.validation:validation-api,2.0.1.Final,${validation-api.version},PersonWithEqualsAndWrongComparable.java,False,None,False,None,True,Logic changed,"Revert ""BAEL-4134""",Other
repos\tutorials,7ab2f437eed3854c0715e653173d8321645e3b57,2020-07-07 14:18:10+03:00,org.hibernate.validator:hibernate-validator,6.1.2.Final,${hibernate-validator.version},PersonWithEqualsAndWrongComparable.java,False,None,False,None,True,Logic changed,"Revert ""BAEL-4134""",Other
repos\tutorials,7ab2f437eed3854c0715e653173d8321645e3b57,2020-07-07 14:18:10+03:00,javax.el:javax.el-api,3.0.0,${javax.el-api.version},PersonWithEqualsAndWrongComparable.java,False,None,False,None,True,Logic changed,"Revert ""BAEL-4134""",Other
repos\tutorials,7ab2f437eed3854c0715e653173d8321645e3b57,2020-07-07 14:18:10+03:00,org.glassfish.web:javax.el,2.2.4,${javax.el.version},PersonWithEqualsAndWrongComparable.java,False,None,False,None,True,Logic changed,"Revert ""BAEL-4134""",Other
repos\tutorials,7ab2f437eed3854c0715e653173d8321645e3b57,2020-07-07 14:18:10+03:00,org.springframework.data:spring-data-jpa,1.11.23.RELEASE,${spring-data-jpa.version},PersonWithoutEquals.java,False,None,False,None,True,Logic changed,"Revert ""BAEL-4134""",Other
repos\tutorials,7ab2f437eed3854c0715e653173d8321645e3b57,2020-07-07 14:18:10+03:00,org.apache.activemq:activemq-core,5.7.0,${activemq-core.version},PersonWithoutEquals.java,False,None,False,None,True,Logic changed,"Revert ""BAEL-4134""",Other
repos\tutorials,7ab2f437eed3854c0715e653173d8321645e3b57,2020-07-07 14:18:10+03:00,org.apache.derby:derby,10.8.1.2,${derby.version},PersonWithoutEquals.java,False,None,False,None,True,Logic changed,"Revert ""BAEL-4134""",Other
repos\tutorials,7ab2f437eed3854c0715e653173d8321645e3b57,2020-07-07 14:18:10+03:00,junit:junit,4.12,${junit.version},PersonWithoutEquals.java,False,None,False,None,True,Logic changed,"Revert ""BAEL-4134""",Other
repos\tutorials,7ab2f437eed3854c0715e653173d8321645e3b57,2020-07-07 14:18:10+03:00,javax.transaction:jta,1.1,${jta.version},PersonWithoutEquals.java,False,None,False,None,True,Logic changed,"Revert ""BAEL-4134""",Other
repos\tutorials,7ab2f437eed3854c0715e653173d8321645e3b57,2020-07-07 14:18:10+03:00,org.apache.geronimo.specs:geronimo-jta_1.0.1B_spec,1.0,${geronimo.version},PersonWithoutEquals.java,False,None,False,None,True,Logic changed,"Revert ""BAEL-4134""",Other
repos\tutorials,7ab2f437eed3854c0715e653173d8321645e3b57,2020-07-07 14:18:10+03:00,javax.validation:validation-api,2.0.1.Final,${validation-api.version},PersonWithoutEquals.java,False,None,False,None,True,Logic changed,"Revert ""BAEL-4134""",Other
repos\tutorials,7ab2f437eed3854c0715e653173d8321645e3b57,2020-07-07 14:18:10+03:00,org.hibernate.validator:hibernate-validator,6.1.2.Final,${hibernate-validator.version},PersonWithoutEquals.java,False,None,False,None,True,Logic changed,"Revert ""BAEL-4134""",Other
repos\tutorials,7ab2f437eed3854c0715e653173d8321645e3b57,2020-07-07 14:18:10+03:00,javax.el:javax.el-api,3.0.0,${javax.el-api.version},PersonWithoutEquals.java,False,None,False,None,True,Logic changed,"Revert ""BAEL-4134""",Other
repos\tutorials,7ab2f437eed3854c0715e653173d8321645e3b57,2020-07-07 14:18:10+03:00,org.glassfish.web:javax.el,2.2.4,${javax.el.version},PersonWithoutEquals.java,False,None,False,None,True,Logic changed,"Revert ""BAEL-4134""",Other
repos\tutorials,7ab2f437eed3854c0715e653173d8321645e3b57,2020-07-07 14:18:10+03:00,org.springframework.data:spring-data-jpa,1.11.23.RELEASE,${spring-data-jpa.version},PizzaStatus.java,False,None,False,None,True,Logic changed,"Revert ""BAEL-4134""",Other
repos\tutorials,7ab2f437eed3854c0715e653173d8321645e3b57,2020-07-07 14:18:10+03:00,org.apache.activemq:activemq-core,5.7.0,${activemq-core.version},PizzaStatus.java,False,None,False,None,True,Logic changed,"Revert ""BAEL-4134""",Other
repos\tutorials,7ab2f437eed3854c0715e653173d8321645e3b57,2020-07-07 14:18:10+03:00,org.apache.derby:derby,10.8.1.2,${derby.version},PizzaStatus.java,False,None,False,None,True,Logic changed,"Revert ""BAEL-4134""",Other
repos\tutorials,7ab2f437eed3854c0715e653173d8321645e3b57,2020-07-07 14:18:10+03:00,junit:junit,4.12,${junit.version},PizzaStatus.java,False,None,False,None,True,Logic changed,"Revert ""BAEL-4134""",Other
repos\tutorials,7ab2f437eed3854c0715e653173d8321645e3b57,2020-07-07 14:18:10+03:00,javax.transaction:jta,1.1,${jta.version},PizzaStatus.java,False,None,False,None,True,Logic changed,"Revert ""BAEL-4134""",Other
repos\tutorials,7ab2f437eed3854c0715e653173d8321645e3b57,2020-07-07 14:18:10+03:00,org.apache.geronimo.specs:geronimo-jta_1.0.1B_spec,1.0,${geronimo.version},PizzaStatus.java,False,None,False,None,True,Logic changed,"Revert ""BAEL-4134""",Other
repos\tutorials,7ab2f437eed3854c0715e653173d8321645e3b57,2020-07-07 14:18:10+03:00,javax.validation:validation-api,2.0.1.Final,${validation-api.version},PizzaStatus.java,False,None,False,None,True,Logic changed,"Revert ""BAEL-4134""",Other
repos\tutorials,7ab2f437eed3854c0715e653173d8321645e3b57,2020-07-07 14:18:10+03:00,org.hibernate.validator:hibernate-validator,6.1.2.Final,${hibernate-validator.version},PizzaStatus.java,False,None,False,None,True,Logic changed,"Revert ""BAEL-4134""",Other
repos\tutorials,7ab2f437eed3854c0715e653173d8321645e3b57,2020-07-07 14:18:10+03:00,javax.el:javax.el-api,3.0.0,${javax.el-api.version},PizzaStatus.java,False,None,False,None,True,Logic changed,"Revert ""BAEL-4134""",Other
repos\tutorials,7ab2f437eed3854c0715e653173d8321645e3b57,2020-07-07 14:18:10+03:00,org.glassfish.web:javax.el,2.2.4,${javax.el.version},PizzaStatus.java,False,None,False,None,True,Logic changed,"Revert ""BAEL-4134""",Other
repos\tutorials,7ab2f437eed3854c0715e653173d8321645e3b57,2020-07-07 14:18:10+03:00,org.springframework.data:spring-data-jpa,1.11.23.RELEASE,${spring-data-jpa.version},ComparatorInterfaceUnitTest.java,True,"Removed: {'firstName'}, Added: {'getFirstName'}",False,None,True,Logic changed,"Revert ""BAEL-4134""",Other
repos\tutorials,7ab2f437eed3854c0715e653173d8321645e3b57,2020-07-07 14:18:10+03:00,org.apache.activemq:activemq-core,5.7.0,${activemq-core.version},ComparatorInterfaceUnitTest.java,True,"Removed: {'firstName'}, Added: {'getFirstName'}",False,None,True,Logic changed,"Revert ""BAEL-4134""",Other
repos\tutorials,7ab2f437eed3854c0715e653173d8321645e3b57,2020-07-07 14:18:10+03:00,org.apache.derby:derby,10.8.1.2,${derby.version},ComparatorInterfaceUnitTest.java,True,"Removed: {'firstName'}, Added: {'getFirstName'}",False,None,True,Logic changed,"Revert ""BAEL-4134""",Other
repos\tutorials,7ab2f437eed3854c0715e653173d8321645e3b57,2020-07-07 14:18:10+03:00,junit:junit,4.12,${junit.version},ComparatorInterfaceUnitTest.java,True,"Removed: {'firstName'}, Added: {'getFirstName'}",False,None,True,Logic changed,"Revert ""BAEL-4134""",Other
repos\tutorials,7ab2f437eed3854c0715e653173d8321645e3b57,2020-07-07 14:18:10+03:00,javax.transaction:jta,1.1,${jta.version},ComparatorInterfaceUnitTest.java,True,"Removed: {'firstName'}, Added: {'getFirstName'}",False,None,True,Logic changed,"Revert ""BAEL-4134""",Other
repos\tutorials,7ab2f437eed3854c0715e653173d8321645e3b57,2020-07-07 14:18:10+03:00,org.apache.geronimo.specs:geronimo-jta_1.0.1B_spec,1.0,${geronimo.version},ComparatorInterfaceUnitTest.java,True,"Removed: {'firstName'}, Added: {'getFirstName'}",False,None,True,Logic changed,"Revert ""BAEL-4134""",Other
repos\tutorials,7ab2f437eed3854c0715e653173d8321645e3b57,2020-07-07 14:18:10+03:00,javax.validation:validation-api,2.0.1.Final,${validation-api.version},ComparatorInterfaceUnitTest.java,True,"Removed: {'firstName'}, Added: {'getFirstName'}",False,None,True,Logic changed,"Revert ""BAEL-4134""",Other
repos\tutorials,7ab2f437eed3854c0715e653173d8321645e3b57,2020-07-07 14:18:10+03:00,org.hibernate.validator:hibernate-validator,6.1.2.Final,${hibernate-validator.version},ComparatorInterfaceUnitTest.java,True,"Removed: {'firstName'}, Added: {'getFirstName'}",False,None,True,Logic changed,"Revert ""BAEL-4134""",Other
repos\tutorials,7ab2f437eed3854c0715e653173d8321645e3b57,2020-07-07 14:18:10+03:00,javax.el:javax.el-api,3.0.0,${javax.el-api.version},ComparatorInterfaceUnitTest.java,True,"Removed: {'firstName'}, Added: {'getFirstName'}",False,None,True,Logic changed,"Revert ""BAEL-4134""",Other
repos\tutorials,7ab2f437eed3854c0715e653173d8321645e3b57,2020-07-07 14:18:10+03:00,org.glassfish.web:javax.el,2.2.4,${javax.el.version},ComparatorInterfaceUnitTest.java,True,"Removed: {'firstName'}, Added: {'getFirstName'}",False,None,True,Logic changed,"Revert ""BAEL-4134""",Other
repos\tutorials,7ab2f437eed3854c0715e653173d8321645e3b57,2020-07-07 14:18:10+03:00,org.springframework.data:spring-data-jpa,1.11.23.RELEASE,${spring-data-jpa.version},GuavaUnitTest.java,True,"Removed: {'lastName', 'firstName'}, Added: {'getLastName', 'getFirstName'}",False,None,True,Logic changed,"Revert ""BAEL-4134""",Other
repos\tutorials,7ab2f437eed3854c0715e653173d8321645e3b57,2020-07-07 14:18:10+03:00,org.apache.activemq:activemq-core,5.7.0,${activemq-core.version},GuavaUnitTest.java,True,"Removed: {'lastName', 'firstName'}, Added: {'getLastName', 'getFirstName'}",False,None,True,Logic changed,"Revert ""BAEL-4134""",Other
repos\tutorials,7ab2f437eed3854c0715e653173d8321645e3b57,2020-07-07 14:18:10+03:00,org.apache.derby:derby,10.8.1.2,${derby.version},GuavaUnitTest.java,True,"Removed: {'lastName', 'firstName'}, Added: {'getLastName', 'getFirstName'}",False,None,True,Logic changed,"Revert ""BAEL-4134""",Other
repos\tutorials,7ab2f437eed3854c0715e653173d8321645e3b57,2020-07-07 14:18:10+03:00,junit:junit,4.12,${junit.version},GuavaUnitTest.java,True,"Removed: {'lastName', 'firstName'}, Added: {'getLastName', 'getFirstName'}",False,None,True,Logic changed,"Revert ""BAEL-4134""",Other
repos\tutorials,7ab2f437eed3854c0715e653173d8321645e3b57,2020-07-07 14:18:10+03:00,javax.transaction:jta,1.1,${jta.version},GuavaUnitTest.java,True,"Removed: {'lastName', 'firstName'}, Added: {'getLastName', 'getFirstName'}",False,None,True,Logic changed,"Revert ""BAEL-4134""",Other
repos\tutorials,7ab2f437eed3854c0715e653173d8321645e3b57,2020-07-07 14:18:10+03:00,org.apache.geronimo.specs:geronimo-jta_1.0.1B_spec,1.0,${geronimo.version},GuavaUnitTest.java,True,"Removed: {'lastName', 'firstName'}, Added: {'getLastName', 'getFirstName'}",False,None,True,Logic changed,"Revert ""BAEL-4134""",Other
repos\tutorials,7ab2f437eed3854c0715e653173d8321645e3b57,2020-07-07 14:18:10+03:00,javax.validation:validation-api,2.0.1.Final,${validation-api.version},GuavaUnitTest.java,True,"Removed: {'lastName', 'firstName'}, Added: {'getLastName', 'getFirstName'}",False,None,True,Logic changed,"Revert ""BAEL-4134""",Other
repos\tutorials,7ab2f437eed3854c0715e653173d8321645e3b57,2020-07-07 14:18:10+03:00,org.hibernate.validator:hibernate-validator,6.1.2.Final,${hibernate-validator.version},GuavaUnitTest.java,True,"Removed: {'lastName', 'firstName'}, Added: {'getLastName', 'getFirstName'}",False,None,True,Logic changed,"Revert ""BAEL-4134""",Other
repos\tutorials,7ab2f437eed3854c0715e653173d8321645e3b57,2020-07-07 14:18:10+03:00,javax.el:javax.el-api,3.0.0,${javax.el-api.version},GuavaUnitTest.java,True,"Removed: {'lastName', 'firstName'}, Added: {'getLastName', 'getFirstName'}",False,None,True,Logic changed,"Revert ""BAEL-4134""",Other
repos\tutorials,7ab2f437eed3854c0715e653173d8321645e3b57,2020-07-07 14:18:10+03:00,org.glassfish.web:javax.el,2.2.4,${javax.el.version},GuavaUnitTest.java,True,"Removed: {'lastName', 'firstName'}, Added: {'getLastName', 'getFirstName'}",False,None,True,Logic changed,"Revert ""BAEL-4134""",Other
repos\tutorials,7ab2f437eed3854c0715e653173d8321645e3b57,2020-07-07 14:18:10+03:00,org.springframework.data:spring-data-jpa,1.11.23.RELEASE,${spring-data-jpa.version},IntToEnumUnitTest.java,True,"Removed: {'assertEquals'}, Added: {'hasValue', 'stream', 'filter', 'assertThat', 'findFirst', 'isEqualTo'}",False,None,True,Logic changed,"Revert ""BAEL-4134""",Other
repos\tutorials,7ab2f437eed3854c0715e653173d8321645e3b57,2020-07-07 14:18:10+03:00,org.apache.activemq:activemq-core,5.7.0,${activemq-core.version},IntToEnumUnitTest.java,True,"Removed: {'assertEquals'}, Added: {'hasValue', 'stream', 'filter', 'assertThat', 'findFirst', 'isEqualTo'}",False,None,True,Logic changed,"Revert ""BAEL-4134""",Other
repos\tutorials,7ab2f437eed3854c0715e653173d8321645e3b57,2020-07-07 14:18:10+03:00,org.apache.derby:derby,10.8.1.2,${derby.version},IntToEnumUnitTest.java,True,"Removed: {'assertEquals'}, Added: {'hasValue', 'stream', 'filter', 'assertThat', 'findFirst', 'isEqualTo'}",False,None,True,Logic changed,"Revert ""BAEL-4134""",Other
repos\tutorials,7ab2f437eed3854c0715e653173d8321645e3b57,2020-07-07 14:18:10+03:00,junit:junit,4.12,${junit.version},IntToEnumUnitTest.java,True,"Removed: {'assertEquals'}, Added: {'hasValue', 'stream', 'filter', 'assertThat', 'findFirst', 'isEqualTo'}",False,None,True,Logic changed,"Revert ""BAEL-4134""",Other
repos\tutorials,7ab2f437eed3854c0715e653173d8321645e3b57,2020-07-07 14:18:10+03:00,javax.transaction:jta,1.1,${jta.version},IntToEnumUnitTest.java,True,"Removed: {'assertEquals'}, Added: {'hasValue', 'stream', 'filter', 'assertThat', 'findFirst', 'isEqualTo'}",False,None,True,Logic changed,"Revert ""BAEL-4134""",Other
repos\tutorials,7ab2f437eed3854c0715e653173d8321645e3b57,2020-07-07 14:18:10+03:00,org.apache.geronimo.specs:geronimo-jta_1.0.1B_spec,1.0,${geronimo.version},IntToEnumUnitTest.java,True,"Removed: {'assertEquals'}, Added: {'hasValue', 'stream', 'filter', 'assertThat', 'findFirst', 'isEqualTo'}",False,None,True,Logic changed,"Revert ""BAEL-4134""",Other
repos\tutorials,7ab2f437eed3854c0715e653173d8321645e3b57,2020-07-07 14:18:10+03:00,javax.validation:validation-api,2.0.1.Final,${validation-api.version},IntToEnumUnitTest.java,True,"Removed: {'assertEquals'}, Added: {'hasValue', 'stream', 'filter', 'assertThat', 'findFirst', 'isEqualTo'}",False,None,True,Logic changed,"Revert ""BAEL-4134""",Other
repos\tutorials,7ab2f437eed3854c0715e653173d8321645e3b57,2020-07-07 14:18:10+03:00,org.hibernate.validator:hibernate-validator,6.1.2.Final,${hibernate-validator.version},IntToEnumUnitTest.java,True,"Removed: {'assertEquals'}, Added: {'hasValue', 'stream', 'filter', 'assertThat', 'findFirst', 'isEqualTo'}",False,None,True,Logic changed,"Revert ""BAEL-4134""",Other
repos\tutorials,7ab2f437eed3854c0715e653173d8321645e3b57,2020-07-07 14:18:10+03:00,javax.el:javax.el-api,3.0.0,${javax.el-api.version},IntToEnumUnitTest.java,True,"Removed: {'assertEquals'}, Added: {'hasValue', 'stream', 'filter', 'assertThat', 'findFirst', 'isEqualTo'}",False,None,True,Logic changed,"Revert ""BAEL-4134""",Other
repos\tutorials,7ab2f437eed3854c0715e653173d8321645e3b57,2020-07-07 14:18:10+03:00,org.glassfish.web:javax.el,2.2.4,${javax.el.version},IntToEnumUnitTest.java,True,"Removed: {'assertEquals'}, Added: {'hasValue', 'stream', 'filter', 'assertThat', 'findFirst', 'isEqualTo'}",False,None,True,Logic changed,"Revert ""BAEL-4134""",Other
repos\tutorials,7ab2f437eed3854c0715e653173d8321645e3b57,2020-07-07 14:18:10+03:00,org.springframework.data:spring-data-jpa,1.11.23.RELEASE,${spring-data-jpa.version},StringToIntOrIntegerUnitTest.java,False,None,False,None,True,Logic changed,"Revert ""BAEL-4134""",Other
repos\tutorials,7ab2f437eed3854c0715e653173d8321645e3b57,2020-07-07 14:18:10+03:00,org.apache.activemq:activemq-core,5.7.0,${activemq-core.version},StringToIntOrIntegerUnitTest.java,False,None,False,None,True,Logic changed,"Revert ""BAEL-4134""",Other
repos\tutorials,7ab2f437eed3854c0715e653173d8321645e3b57,2020-07-07 14:18:10+03:00,org.apache.derby:derby,10.8.1.2,${derby.version},StringToIntOrIntegerUnitTest.java,False,None,False,None,True,Logic changed,"Revert ""BAEL-4134""",Other
repos\tutorials,7ab2f437eed3854c0715e653173d8321645e3b57,2020-07-07 14:18:10+03:00,junit:junit,4.12,${junit.version},StringToIntOrIntegerUnitTest.java,False,None,False,None,True,Logic changed,"Revert ""BAEL-4134""",Other
repos\tutorials,7ab2f437eed3854c0715e653173d8321645e3b57,2020-07-07 14:18:10+03:00,javax.transaction:jta,1.1,${jta.version},StringToIntOrIntegerUnitTest.java,False,None,False,None,True,Logic changed,"Revert ""BAEL-4134""",Other
repos\tutorials,7ab2f437eed3854c0715e653173d8321645e3b57,2020-07-07 14:18:10+03:00,org.apache.geronimo.specs:geronimo-jta_1.0.1B_spec,1.0,${geronimo.version},StringToIntOrIntegerUnitTest.java,False,None,False,None,True,Logic changed,"Revert ""BAEL-4134""",Other
repos\tutorials,7ab2f437eed3854c0715e653173d8321645e3b57,2020-07-07 14:18:10+03:00,javax.validation:validation-api,2.0.1.Final,${validation-api.version},StringToIntOrIntegerUnitTest.java,False,None,False,None,True,Logic changed,"Revert ""BAEL-4134""",Other
repos\tutorials,7ab2f437eed3854c0715e653173d8321645e3b57,2020-07-07 14:18:10+03:00,org.hibernate.validator:hibernate-validator,6.1.2.Final,${hibernate-validator.version},StringToIntOrIntegerUnitTest.java,False,None,False,None,True,Logic changed,"Revert ""BAEL-4134""",Other
repos\tutorials,7ab2f437eed3854c0715e653173d8321645e3b57,2020-07-07 14:18:10+03:00,javax.el:javax.el-api,3.0.0,${javax.el-api.version},StringToIntOrIntegerUnitTest.java,False,None,False,None,True,Logic changed,"Revert ""BAEL-4134""",Other
repos\tutorials,7ab2f437eed3854c0715e653173d8321645e3b57,2020-07-07 14:18:10+03:00,org.glassfish.web:javax.el,2.2.4,${javax.el.version},StringToIntOrIntegerUnitTest.java,False,None,False,None,True,Logic changed,"Revert ""BAEL-4134""",Other
repos\tutorials,7ab2f437eed3854c0715e653173d8321645e3b57,2020-07-07 14:18:10+03:00,org.springframework.data:spring-data-jpa,1.11.23.RELEASE,${spring-data-jpa.version},ThrowablesUnitTest.java,False,None,False,None,True,Logic changed,"Revert ""BAEL-4134""",Other
repos\tutorials,7ab2f437eed3854c0715e653173d8321645e3b57,2020-07-07 14:18:10+03:00,org.apache.activemq:activemq-core,5.7.0,${activemq-core.version},ThrowablesUnitTest.java,False,None,False,None,True,Logic changed,"Revert ""BAEL-4134""",Other
repos\tutorials,7ab2f437eed3854c0715e653173d8321645e3b57,2020-07-07 14:18:10+03:00,org.apache.derby:derby,10.8.1.2,${derby.version},ThrowablesUnitTest.java,False,None,False,None,True,Logic changed,"Revert ""BAEL-4134""",Other
repos\tutorials,7ab2f437eed3854c0715e653173d8321645e3b57,2020-07-07 14:18:10+03:00,junit:junit,4.12,${junit.version},ThrowablesUnitTest.java,False,None,False,None,True,Logic changed,"Revert ""BAEL-4134""",Other
repos\tutorials,7ab2f437eed3854c0715e653173d8321645e3b57,2020-07-07 14:18:10+03:00,javax.transaction:jta,1.1,${jta.version},ThrowablesUnitTest.java,False,None,False,None,True,Logic changed,"Revert ""BAEL-4134""",Other
repos\tutorials,7ab2f437eed3854c0715e653173d8321645e3b57,2020-07-07 14:18:10+03:00,org.apache.geronimo.specs:geronimo-jta_1.0.1B_spec,1.0,${geronimo.version},ThrowablesUnitTest.java,False,None,False,None,True,Logic changed,"Revert ""BAEL-4134""",Other
repos\tutorials,7ab2f437eed3854c0715e653173d8321645e3b57,2020-07-07 14:18:10+03:00,javax.validation:validation-api,2.0.1.Final,${validation-api.version},ThrowablesUnitTest.java,False,None,False,None,True,Logic changed,"Revert ""BAEL-4134""",Other
repos\tutorials,7ab2f437eed3854c0715e653173d8321645e3b57,2020-07-07 14:18:10+03:00,org.hibernate.validator:hibernate-validator,6.1.2.Final,${hibernate-validator.version},ThrowablesUnitTest.java,False,None,False,None,True,Logic changed,"Revert ""BAEL-4134""",Other
repos\tutorials,7ab2f437eed3854c0715e653173d8321645e3b57,2020-07-07 14:18:10+03:00,javax.el:javax.el-api,3.0.0,${javax.el-api.version},ThrowablesUnitTest.java,False,None,False,None,True,Logic changed,"Revert ""BAEL-4134""",Other
repos\tutorials,7ab2f437eed3854c0715e653173d8321645e3b57,2020-07-07 14:18:10+03:00,org.glassfish.web:javax.el,2.2.4,${javax.el.version},ThrowablesUnitTest.java,False,None,False,None,True,Logic changed,"Revert ""BAEL-4134""",Other
repos\tutorials,7ab2f437eed3854c0715e653173d8321645e3b57,2020-07-07 14:18:10+03:00,org.springframework.data:spring-data-jpa,1.11.23.RELEASE,${spring-data-jpa.version},GuavaStringUnitTest.java,True,"Removed: set(), Added: {'javaDigit', 'javaLowerCase', 'javaLetterOrDigit', 'ascii'}",False,None,True,Logic changed,"Revert ""BAEL-4134""",Other
repos\tutorials,7ab2f437eed3854c0715e653173d8321645e3b57,2020-07-07 14:18:10+03:00,org.apache.activemq:activemq-core,5.7.0,${activemq-core.version},GuavaStringUnitTest.java,True,"Removed: set(), Added: {'javaDigit', 'javaLowerCase', 'javaLetterOrDigit', 'ascii'}",False,None,True,Logic changed,"Revert ""BAEL-4134""",Other
repos\tutorials,7ab2f437eed3854c0715e653173d8321645e3b57,2020-07-07 14:18:10+03:00,org.apache.derby:derby,10.8.1.2,${derby.version},GuavaStringUnitTest.java,True,"Removed: set(), Added: {'javaDigit', 'javaLowerCase', 'javaLetterOrDigit', 'ascii'}",False,None,True,Logic changed,"Revert ""BAEL-4134""",Other
repos\tutorials,7ab2f437eed3854c0715e653173d8321645e3b57,2020-07-07 14:18:10+03:00,junit:junit,4.12,${junit.version},GuavaStringUnitTest.java,True,"Removed: set(), Added: {'javaDigit', 'javaLowerCase', 'javaLetterOrDigit', 'ascii'}",False,None,True,Logic changed,"Revert ""BAEL-4134""",Other
repos\tutorials,7ab2f437eed3854c0715e653173d8321645e3b57,2020-07-07 14:18:10+03:00,javax.transaction:jta,1.1,${jta.version},GuavaStringUnitTest.java,True,"Removed: set(), Added: {'javaDigit', 'javaLowerCase', 'javaLetterOrDigit', 'ascii'}",False,None,True,Logic changed,"Revert ""BAEL-4134""",Other
repos\tutorials,7ab2f437eed3854c0715e653173d8321645e3b57,2020-07-07 14:18:10+03:00,org.apache.geronimo.specs:geronimo-jta_1.0.1B_spec,1.0,${geronimo.version},GuavaStringUnitTest.java,True,"Removed: set(), Added: {'javaDigit', 'javaLowerCase', 'javaLetterOrDigit', 'ascii'}",False,None,True,Logic changed,"Revert ""BAEL-4134""",Other
repos\tutorials,7ab2f437eed3854c0715e653173d8321645e3b57,2020-07-07 14:18:10+03:00,javax.validation:validation-api,2.0.1.Final,${validation-api.version},GuavaStringUnitTest.java,True,"Removed: set(), Added: {'javaDigit', 'javaLowerCase', 'javaLetterOrDigit', 'ascii'}",False,None,True,Logic changed,"Revert ""BAEL-4134""",Other
repos\tutorials,7ab2f437eed3854c0715e653173d8321645e3b57,2020-07-07 14:18:10+03:00,org.hibernate.validator:hibernate-validator,6.1.2.Final,${hibernate-validator.version},GuavaStringUnitTest.java,True,"Removed: set(), Added: {'javaDigit', 'javaLowerCase', 'javaLetterOrDigit', 'ascii'}",False,None,True,Logic changed,"Revert ""BAEL-4134""",Other
repos\tutorials,7ab2f437eed3854c0715e653173d8321645e3b57,2020-07-07 14:18:10+03:00,javax.el:javax.el-api,3.0.0,${javax.el-api.version},GuavaStringUnitTest.java,True,"Removed: set(), Added: {'javaDigit', 'javaLowerCase', 'javaLetterOrDigit', 'ascii'}",False,None,True,Logic changed,"Revert ""BAEL-4134""",Other
repos\tutorials,7ab2f437eed3854c0715e653173d8321645e3b57,2020-07-07 14:18:10+03:00,org.glassfish.web:javax.el,2.2.4,${javax.el.version},GuavaStringUnitTest.java,True,"Removed: set(), Added: {'javaDigit', 'javaLowerCase', 'javaLetterOrDigit', 'ascii'}",False,None,True,Logic changed,"Revert ""BAEL-4134""",Other
repos\tutorials,7ab2f437eed3854c0715e653173d8321645e3b57,2020-07-07 14:18:10+03:00,org.springframework.data:spring-data-jpa,1.11.23.RELEASE,${spring-data-jpa.version},CsvUnitTest.java,True,"Removed: set(), Added: {'getAbsolutePath', 'deleteOnExit'}",False,None,True,Logic changed,"Revert ""BAEL-4134""",Other
repos\tutorials,7ab2f437eed3854c0715e653173d8321645e3b57,2020-07-07 14:18:10+03:00,org.apache.activemq:activemq-core,5.7.0,${activemq-core.version},CsvUnitTest.java,True,"Removed: set(), Added: {'getAbsolutePath', 'deleteOnExit'}",False,None,True,Logic changed,"Revert ""BAEL-4134""",Other
repos\tutorials,7ab2f437eed3854c0715e653173d8321645e3b57,2020-07-07 14:18:10+03:00,org.apache.derby:derby,10.8.1.2,${derby.version},CsvUnitTest.java,True,"Removed: set(), Added: {'getAbsolutePath', 'deleteOnExit'}",False,None,True,Logic changed,"Revert ""BAEL-4134""",Other
repos\tutorials,7ab2f437eed3854c0715e653173d8321645e3b57,2020-07-07 14:18:10+03:00,junit:junit,4.12,${junit.version},CsvUnitTest.java,True,"Removed: set(), Added: {'getAbsolutePath', 'deleteOnExit'}",False,None,True,Logic changed,"Revert ""BAEL-4134""",Other
repos\tutorials,7ab2f437eed3854c0715e653173d8321645e3b57,2020-07-07 14:18:10+03:00,javax.transaction:jta,1.1,${jta.version},CsvUnitTest.java,True,"Removed: set(), Added: {'getAbsolutePath', 'deleteOnExit'}",False,None,True,Logic changed,"Revert ""BAEL-4134""",Other
repos\tutorials,7ab2f437eed3854c0715e653173d8321645e3b57,2020-07-07 14:18:10+03:00,org.apache.geronimo.specs:geronimo-jta_1.0.1B_spec,1.0,${geronimo.version},CsvUnitTest.java,True,"Removed: set(), Added: {'getAbsolutePath', 'deleteOnExit'}",False,None,True,Logic changed,"Revert ""BAEL-4134""",Other
repos\tutorials,7ab2f437eed3854c0715e653173d8321645e3b57,2020-07-07 14:18:10+03:00,javax.validation:validation-api,2.0.1.Final,${validation-api.version},CsvUnitTest.java,True,"Removed: set(), Added: {'getAbsolutePath', 'deleteOnExit'}",False,None,True,Logic changed,"Revert ""BAEL-4134""",Other
repos\tutorials,7ab2f437eed3854c0715e653173d8321645e3b57,2020-07-07 14:18:10+03:00,org.hibernate.validator:hibernate-validator,6.1.2.Final,${hibernate-validator.version},CsvUnitTest.java,True,"Removed: set(), Added: {'getAbsolutePath', 'deleteOnExit'}",False,None,True,Logic changed,"Revert ""BAEL-4134""",Other
repos\tutorials,7ab2f437eed3854c0715e653173d8321645e3b57,2020-07-07 14:18:10+03:00,javax.el:javax.el-api,3.0.0,${javax.el-api.version},CsvUnitTest.java,True,"Removed: set(), Added: {'getAbsolutePath', 'deleteOnExit'}",False,None,True,Logic changed,"Revert ""BAEL-4134""",Other
repos\tutorials,7ab2f437eed3854c0715e653173d8321645e3b57,2020-07-07 14:18:10+03:00,org.glassfish.web:javax.el,2.2.4,${javax.el.version},CsvUnitTest.java,True,"Removed: set(), Added: {'getAbsolutePath', 'deleteOnExit'}",False,None,True,Logic changed,"Revert ""BAEL-4134""",Other
repos\tutorials,7ab2f437eed3854c0715e653173d8321645e3b57,2020-07-07 14:18:10+03:00,org.springframework.data:spring-data-jpa,1.11.23.RELEASE,${spring-data-jpa.version},YamlUnitTest.java,True,"Removed: set(), Added: {'getAbsolutePath', 'deleteOnExit'}",False,None,True,Logic changed,"Revert ""BAEL-4134""",Other
repos\tutorials,7ab2f437eed3854c0715e653173d8321645e3b57,2020-07-07 14:18:10+03:00,org.apache.activemq:activemq-core,5.7.0,${activemq-core.version},YamlUnitTest.java,True,"Removed: set(), Added: {'getAbsolutePath', 'deleteOnExit'}",False,None,True,Logic changed,"Revert ""BAEL-4134""",Other
repos\tutorials,7ab2f437eed3854c0715e653173d8321645e3b57,2020-07-07 14:18:10+03:00,org.apache.derby:derby,10.8.1.2,${derby.version},YamlUnitTest.java,True,"Removed: set(), Added: {'getAbsolutePath', 'deleteOnExit'}",False,None,True,Logic changed,"Revert ""BAEL-4134""",Other
repos\tutorials,7ab2f437eed3854c0715e653173d8321645e3b57,2020-07-07 14:18:10+03:00,junit:junit,4.12,${junit.version},YamlUnitTest.java,True,"Removed: set(), Added: {'getAbsolutePath', 'deleteOnExit'}",False,None,True,Logic changed,"Revert ""BAEL-4134""",Other
repos\tutorials,7ab2f437eed3854c0715e653173d8321645e3b57,2020-07-07 14:18:10+03:00,javax.transaction:jta,1.1,${jta.version},YamlUnitTest.java,True,"Removed: set(), Added: {'getAbsolutePath', 'deleteOnExit'}",False,None,True,Logic changed,"Revert ""BAEL-4134""",Other
repos\tutorials,7ab2f437eed3854c0715e653173d8321645e3b57,2020-07-07 14:18:10+03:00,org.apache.geronimo.specs:geronimo-jta_1.0.1B_spec,1.0,${geronimo.version},YamlUnitTest.java,True,"Removed: set(), Added: {'getAbsolutePath', 'deleteOnExit'}",False,None,True,Logic changed,"Revert ""BAEL-4134""",Other
repos\tutorials,7ab2f437eed3854c0715e653173d8321645e3b57,2020-07-07 14:18:10+03:00,javax.validation:validation-api,2.0.1.Final,${validation-api.version},YamlUnitTest.java,True,"Removed: set(), Added: {'getAbsolutePath', 'deleteOnExit'}",False,None,True,Logic changed,"Revert ""BAEL-4134""",Other
repos\tutorials,7ab2f437eed3854c0715e653173d8321645e3b57,2020-07-07 14:18:10+03:00,org.hibernate.validator:hibernate-validator,6.1.2.Final,${hibernate-validator.version},YamlUnitTest.java,True,"Removed: set(), Added: {'getAbsolutePath', 'deleteOnExit'}",False,None,True,Logic changed,"Revert ""BAEL-4134""",Other
repos\tutorials,7ab2f437eed3854c0715e653173d8321645e3b57,2020-07-07 14:18:10+03:00,javax.el:javax.el-api,3.0.0,${javax.el-api.version},YamlUnitTest.java,True,"Removed: set(), Added: {'getAbsolutePath', 'deleteOnExit'}",False,None,True,Logic changed,"Revert ""BAEL-4134""",Other
repos\tutorials,7ab2f437eed3854c0715e653173d8321645e3b57,2020-07-07 14:18:10+03:00,org.glassfish.web:javax.el,2.2.4,${javax.el.version},YamlUnitTest.java,True,"Removed: set(), Added: {'getAbsolutePath', 'deleteOnExit'}",False,None,True,Logic changed,"Revert ""BAEL-4134""",Other
repos\tutorials,7ab2f437eed3854c0715e653173d8321645e3b57,2020-07-07 14:18:10+03:00,org.springframework.data:spring-data-jpa,1.11.23.RELEASE,${spring-data-jpa.version},JacksonDateUnitTest.java,True,"Removed: set(), Added: {'toString', 'getEventDate'}",False,None,True,Logic changed,"Revert ""BAEL-4134""",Other
repos\tutorials,7ab2f437eed3854c0715e653173d8321645e3b57,2020-07-07 14:18:10+03:00,org.apache.activemq:activemq-core,5.7.0,${activemq-core.version},JacksonDateUnitTest.java,True,"Removed: set(), Added: {'toString', 'getEventDate'}",False,None,True,Logic changed,"Revert ""BAEL-4134""",Other
repos\tutorials,7ab2f437eed3854c0715e653173d8321645e3b57,2020-07-07 14:18:10+03:00,org.apache.derby:derby,10.8.1.2,${derby.version},JacksonDateUnitTest.java,True,"Removed: set(), Added: {'toString', 'getEventDate'}",False,None,True,Logic changed,"Revert ""BAEL-4134""",Other
repos\tutorials,7ab2f437eed3854c0715e653173d8321645e3b57,2020-07-07 14:18:10+03:00,junit:junit,4.12,${junit.version},JacksonDateUnitTest.java,True,"Removed: set(), Added: {'toString', 'getEventDate'}",False,None,True,Logic changed,"Revert ""BAEL-4134""",Other
repos\tutorials,7ab2f437eed3854c0715e653173d8321645e3b57,2020-07-07 14:18:10+03:00,javax.transaction:jta,1.1,${jta.version},JacksonDateUnitTest.java,True,"Removed: set(), Added: {'toString', 'getEventDate'}",False,None,True,Logic changed,"Revert ""BAEL-4134""",Other
repos\tutorials,7ab2f437eed3854c0715e653173d8321645e3b57,2020-07-07 14:18:10+03:00,org.apache.geronimo.specs:geronimo-jta_1.0.1B_spec,1.0,${geronimo.version},JacksonDateUnitTest.java,True,"Removed: set(), Added: {'toString', 'getEventDate'}",False,None,True,Logic changed,"Revert ""BAEL-4134""",Other
repos\tutorials,7ab2f437eed3854c0715e653173d8321645e3b57,2020-07-07 14:18:10+03:00,javax.validation:validation-api,2.0.1.Final,${validation-api.version},JacksonDateUnitTest.java,True,"Removed: set(), Added: {'toString', 'getEventDate'}",False,None,True,Logic changed,"Revert ""BAEL-4134""",Other
repos\tutorials,7ab2f437eed3854c0715e653173d8321645e3b57,2020-07-07 14:18:10+03:00,org.hibernate.validator:hibernate-validator,6.1.2.Final,${hibernate-validator.version},JacksonDateUnitTest.java,True,"Removed: set(), Added: {'toString', 'getEventDate'}",False,None,True,Logic changed,"Revert ""BAEL-4134""",Other
repos\tutorials,7ab2f437eed3854c0715e653173d8321645e3b57,2020-07-07 14:18:10+03:00,javax.el:javax.el-api,3.0.0,${javax.el-api.version},JacksonDateUnitTest.java,True,"Removed: set(), Added: {'toString', 'getEventDate'}",False,None,True,Logic changed,"Revert ""BAEL-4134""",Other
repos\tutorials,7ab2f437eed3854c0715e653173d8321645e3b57,2020-07-07 14:18:10+03:00,org.glassfish.web:javax.el,2.2.4,${javax.el.version},JacksonDateUnitTest.java,True,"Removed: set(), Added: {'toString', 'getEventDate'}",False,None,True,Logic changed,"Revert ""BAEL-4134""",Other
repos\tutorials,7ab2f437eed3854c0715e653173d8321645e3b57,2020-07-07 14:18:10+03:00,org.springframework.data:spring-data-jpa,1.11.23.RELEASE,${spring-data-jpa.version},ParsingServiceUnitTest.java,True,"Removed: set(), Added: {'deleteOnExit'}",False,None,True,Logic changed,"Revert ""BAEL-4134""",Other
repos\tutorials,7ab2f437eed3854c0715e653173d8321645e3b57,2020-07-07 14:18:10+03:00,org.apache.activemq:activemq-core,5.7.0,${activemq-core.version},ParsingServiceUnitTest.java,True,"Removed: set(), Added: {'deleteOnExit'}",False,None,True,Logic changed,"Revert ""BAEL-4134""",Other
repos\tutorials,7ab2f437eed3854c0715e653173d8321645e3b57,2020-07-07 14:18:10+03:00,org.apache.derby:derby,10.8.1.2,${derby.version},ParsingServiceUnitTest.java,True,"Removed: set(), Added: {'deleteOnExit'}",False,None,True,Logic changed,"Revert ""BAEL-4134""",Other
repos\tutorials,7ab2f437eed3854c0715e653173d8321645e3b57,2020-07-07 14:18:10+03:00,junit:junit,4.12,${junit.version},ParsingServiceUnitTest.java,True,"Removed: set(), Added: {'deleteOnExit'}",False,None,True,Logic changed,"Revert ""BAEL-4134""",Other
repos\tutorials,7ab2f437eed3854c0715e653173d8321645e3b57,2020-07-07 14:18:10+03:00,javax.transaction:jta,1.1,${jta.version},ParsingServiceUnitTest.java,True,"Removed: set(), Added: {'deleteOnExit'}",False,None,True,Logic changed,"Revert ""BAEL-4134""",Other
repos\tutorials,7ab2f437eed3854c0715e653173d8321645e3b57,2020-07-07 14:18:10+03:00,org.apache.geronimo.specs:geronimo-jta_1.0.1B_spec,1.0,${geronimo.version},ParsingServiceUnitTest.java,True,"Removed: set(), Added: {'deleteOnExit'}",False,None,True,Logic changed,"Revert ""BAEL-4134""",Other
repos\tutorials,7ab2f437eed3854c0715e653173d8321645e3b57,2020-07-07 14:18:10+03:00,javax.validation:validation-api,2.0.1.Final,${validation-api.version},ParsingServiceUnitTest.java,True,"Removed: set(), Added: {'deleteOnExit'}",False,None,True,Logic changed,"Revert ""BAEL-4134""",Other
repos\tutorials,7ab2f437eed3854c0715e653173d8321645e3b57,2020-07-07 14:18:10+03:00,org.hibernate.validator:hibernate-validator,6.1.2.Final,${hibernate-validator.version},ParsingServiceUnitTest.java,True,"Removed: set(), Added: {'deleteOnExit'}",False,None,True,Logic changed,"Revert ""BAEL-4134""",Other
repos\tutorials,7ab2f437eed3854c0715e653173d8321645e3b57,2020-07-07 14:18:10+03:00,javax.el:javax.el-api,3.0.0,${javax.el-api.version},ParsingServiceUnitTest.java,True,"Removed: set(), Added: {'deleteOnExit'}",False,None,True,Logic changed,"Revert ""BAEL-4134""",Other
repos\tutorials,7ab2f437eed3854c0715e653173d8321645e3b57,2020-07-07 14:18:10+03:00,org.glassfish.web:javax.el,2.2.4,${javax.el.version},ParsingServiceUnitTest.java,True,"Removed: set(), Added: {'deleteOnExit'}",False,None,True,Logic changed,"Revert ""BAEL-4134""",Other
repos\tutorials,7ab2f437eed3854c0715e653173d8321645e3b57,2020-07-07 14:18:10+03:00,org.springframework.data:spring-data-jpa,1.11.23.RELEASE,${spring-data-jpa.version},AdderService.java,False,None,False,None,True,Logic changed,"Revert ""BAEL-4134""",Other
repos\tutorials,7ab2f437eed3854c0715e653173d8321645e3b57,2020-07-07 14:18:10+03:00,org.apache.activemq:activemq-core,5.7.0,${activemq-core.version},AdderService.java,False,None,False,None,True,Logic changed,"Revert ""BAEL-4134""",Other
repos\tutorials,7ab2f437eed3854c0715e653173d8321645e3b57,2020-07-07 14:18:10+03:00,org.apache.derby:derby,10.8.1.2,${derby.version},AdderService.java,False,None,False,None,True,Logic changed,"Revert ""BAEL-4134""",Other
repos\tutorials,7ab2f437eed3854c0715e653173d8321645e3b57,2020-07-07 14:18:10+03:00,junit:junit,4.12,${junit.version},AdderService.java,False,None,False,None,True,Logic changed,"Revert ""BAEL-4134""",Other
repos\tutorials,7ab2f437eed3854c0715e653173d8321645e3b57,2020-07-07 14:18:10+03:00,javax.transaction:jta,1.1,${jta.version},AdderService.java,False,None,False,None,True,Logic changed,"Revert ""BAEL-4134""",Other
repos\tutorials,7ab2f437eed3854c0715e653173d8321645e3b57,2020-07-07 14:18:10+03:00,org.apache.geronimo.specs:geronimo-jta_1.0.1B_spec,1.0,${geronimo.version},AdderService.java,False,None,False,None,True,Logic changed,"Revert ""BAEL-4134""",Other
repos\tutorials,7ab2f437eed3854c0715e653173d8321645e3b57,2020-07-07 14:18:10+03:00,javax.validation:validation-api,2.0.1.Final,${validation-api.version},AdderService.java,False,None,False,None,True,Logic changed,"Revert ""BAEL-4134""",Other
repos\tutorials,7ab2f437eed3854c0715e653173d8321645e3b57,2020-07-07 14:18:10+03:00,org.hibernate.validator:hibernate-validator,6.1.2.Final,${hibernate-validator.version},AdderService.java,False,None,False,None,True,Logic changed,"Revert ""BAEL-4134""",Other
repos\tutorials,7ab2f437eed3854c0715e653173d8321645e3b57,2020-07-07 14:18:10+03:00,javax.el:javax.el-api,3.0.0,${javax.el-api.version},AdderService.java,False,None,False,None,True,Logic changed,"Revert ""BAEL-4134""",Other
repos\tutorials,7ab2f437eed3854c0715e653173d8321645e3b57,2020-07-07 14:18:10+03:00,org.glassfish.web:javax.el,2.2.4,${javax.el.version},AdderService.java,False,None,False,None,True,Logic changed,"Revert ""BAEL-4134""",Other
repos\tutorials,7ab2f437eed3854c0715e653173d8321645e3b57,2020-07-07 14:18:10+03:00,org.springframework.data:spring-data-jpa,1.11.23.RELEASE,${spring-data-jpa.version},TransferDemo.java,True,"Removed: {'newFixedThreadPool'}, Added: set()",False,None,True,Logic changed,"Revert ""BAEL-4134""",Other
repos\tutorials,7ab2f437eed3854c0715e653173d8321645e3b57,2020-07-07 14:18:10+03:00,org.apache.activemq:activemq-core,5.7.0,${activemq-core.version},TransferDemo.java,True,"Removed: {'newFixedThreadPool'}, Added: set()",False,None,True,Logic changed,"Revert ""BAEL-4134""",Other
repos\tutorials,7ab2f437eed3854c0715e653173d8321645e3b57,2020-07-07 14:18:10+03:00,org.apache.derby:derby,10.8.1.2,${derby.version},TransferDemo.java,True,"Removed: {'newFixedThreadPool'}, Added: set()",False,None,True,Logic changed,"Revert ""BAEL-4134""",Other
repos\tutorials,7ab2f437eed3854c0715e653173d8321645e3b57,2020-07-07 14:18:10+03:00,junit:junit,4.12,${junit.version},TransferDemo.java,True,"Removed: {'newFixedThreadPool'}, Added: set()",False,None,True,Logic changed,"Revert ""BAEL-4134""",Other
repos\tutorials,7ab2f437eed3854c0715e653173d8321645e3b57,2020-07-07 14:18:10+03:00,javax.transaction:jta,1.1,${jta.version},TransferDemo.java,True,"Removed: {'newFixedThreadPool'}, Added: set()",False,None,True,Logic changed,"Revert ""BAEL-4134""",Other
repos\tutorials,7ab2f437eed3854c0715e653173d8321645e3b57,2020-07-07 14:18:10+03:00,org.apache.geronimo.specs:geronimo-jta_1.0.1B_spec,1.0,${geronimo.version},TransferDemo.java,True,"Removed: {'newFixedThreadPool'}, Added: set()",False,None,True,Logic changed,"Revert ""BAEL-4134""",Other
repos\tutorials,7ab2f437eed3854c0715e653173d8321645e3b57,2020-07-07 14:18:10+03:00,javax.validation:validation-api,2.0.1.Final,${validation-api.version},TransferDemo.java,True,"Removed: {'newFixedThreadPool'}, Added: set()",False,None,True,Logic changed,"Revert ""BAEL-4134""",Other
repos\tutorials,7ab2f437eed3854c0715e653173d8321645e3b57,2020-07-07 14:18:10+03:00,org.hibernate.validator:hibernate-validator,6.1.2.Final,${hibernate-validator.version},TransferDemo.java,True,"Removed: {'newFixedThreadPool'}, Added: set()",False,None,True,Logic changed,"Revert ""BAEL-4134""",Other
repos\tutorials,7ab2f437eed3854c0715e653173d8321645e3b57,2020-07-07 14:18:10+03:00,javax.el:javax.el-api,3.0.0,${javax.el-api.version},TransferDemo.java,True,"Removed: {'newFixedThreadPool'}, Added: set()",False,None,True,Logic changed,"Revert ""BAEL-4134""",Other
repos\tutorials,7ab2f437eed3854c0715e653173d8321645e3b57,2020-07-07 14:18:10+03:00,org.glassfish.web:javax.el,2.2.4,${javax.el.version},TransferDemo.java,True,"Removed: {'newFixedThreadPool'}, Added: set()",False,None,True,Logic changed,"Revert ""BAEL-4134""",Other
repos\tutorials,7ab2f437eed3854c0715e653173d8321645e3b57,2020-07-07 14:18:10+03:00,org.springframework.data:spring-data-jpa,1.11.23.RELEASE,${spring-data-jpa.version},Slf4jRunnable.java,True,"Removed: {'clear'}, Added: set()",False,None,True,Logic changed,"Revert ""BAEL-4134""",Other
repos\tutorials,7ab2f437eed3854c0715e653173d8321645e3b57,2020-07-07 14:18:10+03:00,org.apache.activemq:activemq-core,5.7.0,${activemq-core.version},Slf4jRunnable.java,True,"Removed: {'clear'}, Added: set()",False,None,True,Logic changed,"Revert ""BAEL-4134""",Other
repos\tutorials,7ab2f437eed3854c0715e653173d8321645e3b57,2020-07-07 14:18:10+03:00,org.apache.derby:derby,10.8.1.2,${derby.version},Slf4jRunnable.java,True,"Removed: {'clear'}, Added: set()",False,None,True,Logic changed,"Revert ""BAEL-4134""",Other
repos\tutorials,7ab2f437eed3854c0715e653173d8321645e3b57,2020-07-07 14:18:10+03:00,junit:junit,4.12,${junit.version},Slf4jRunnable.java,True,"Removed: {'clear'}, Added: set()",False,None,True,Logic changed,"Revert ""BAEL-4134""",Other
repos\tutorials,7ab2f437eed3854c0715e653173d8321645e3b57,2020-07-07 14:18:10+03:00,javax.transaction:jta,1.1,${jta.version},Slf4jRunnable.java,True,"Removed: {'clear'}, Added: set()",False,None,True,Logic changed,"Revert ""BAEL-4134""",Other
repos\tutorials,7ab2f437eed3854c0715e653173d8321645e3b57,2020-07-07 14:18:10+03:00,org.apache.geronimo.specs:geronimo-jta_1.0.1B_spec,1.0,${geronimo.version},Slf4jRunnable.java,True,"Removed: {'clear'}, Added: set()",False,None,True,Logic changed,"Revert ""BAEL-4134""",Other
repos\tutorials,7ab2f437eed3854c0715e653173d8321645e3b57,2020-07-07 14:18:10+03:00,javax.validation:validation-api,2.0.1.Final,${validation-api.version},Slf4jRunnable.java,True,"Removed: {'clear'}, Added: set()",False,None,True,Logic changed,"Revert ""BAEL-4134""",Other
repos\tutorials,7ab2f437eed3854c0715e653173d8321645e3b57,2020-07-07 14:18:10+03:00,org.hibernate.validator:hibernate-validator,6.1.2.Final,${hibernate-validator.version},Slf4jRunnable.java,True,"Removed: {'clear'}, Added: set()",False,None,True,Logic changed,"Revert ""BAEL-4134""",Other
repos\tutorials,7ab2f437eed3854c0715e653173d8321645e3b57,2020-07-07 14:18:10+03:00,javax.el:javax.el-api,3.0.0,${javax.el-api.version},Slf4jRunnable.java,True,"Removed: {'clear'}, Added: set()",False,None,True,Logic changed,"Revert ""BAEL-4134""",Other
repos\tutorials,7ab2f437eed3854c0715e653173d8321645e3b57,2020-07-07 14:18:10+03:00,org.glassfish.web:javax.el,2.2.4,${javax.el.version},Slf4jRunnable.java,True,"Removed: {'clear'}, Added: set()",False,None,True,Logic changed,"Revert ""BAEL-4134""",Other
repos\tutorials,7ab2f437eed3854c0715e653173d8321645e3b57,2020-07-07 14:18:10+03:00,org.springframework.data:spring-data-jpa,1.11.23.RELEASE,${spring-data-jpa.version},R2dbcExampleApplicationIntegrationTest.java,False,None,False,None,True,Logic changed,"Revert ""BAEL-4134""",Other
repos\tutorials,7ab2f437eed3854c0715e653173d8321645e3b57,2020-07-07 14:18:10+03:00,org.apache.activemq:activemq-core,5.7.0,${activemq-core.version},R2dbcExampleApplicationIntegrationTest.java,False,None,False,None,True,Logic changed,"Revert ""BAEL-4134""",Other
repos\tutorials,7ab2f437eed3854c0715e653173d8321645e3b57,2020-07-07 14:18:10+03:00,org.apache.derby:derby,10.8.1.2,${derby.version},R2dbcExampleApplicationIntegrationTest.java,False,None,False,None,True,Logic changed,"Revert ""BAEL-4134""",Other
repos\tutorials,7ab2f437eed3854c0715e653173d8321645e3b57,2020-07-07 14:18:10+03:00,junit:junit,4.12,${junit.version},R2dbcExampleApplicationIntegrationTest.java,False,None,False,None,True,Logic changed,"Revert ""BAEL-4134""",Other
repos\tutorials,7ab2f437eed3854c0715e653173d8321645e3b57,2020-07-07 14:18:10+03:00,javax.transaction:jta,1.1,${jta.version},R2dbcExampleApplicationIntegrationTest.java,False,None,False,None,True,Logic changed,"Revert ""BAEL-4134""",Other
repos\tutorials,7ab2f437eed3854c0715e653173d8321645e3b57,2020-07-07 14:18:10+03:00,org.apache.geronimo.specs:geronimo-jta_1.0.1B_spec,1.0,${geronimo.version},R2dbcExampleApplicationIntegrationTest.java,False,None,False,None,True,Logic changed,"Revert ""BAEL-4134""",Other
repos\tutorials,7ab2f437eed3854c0715e653173d8321645e3b57,2020-07-07 14:18:10+03:00,javax.validation:validation-api,2.0.1.Final,${validation-api.version},R2dbcExampleApplicationIntegrationTest.java,False,None,False,None,True,Logic changed,"Revert ""BAEL-4134""",Other
repos\tutorials,7ab2f437eed3854c0715e653173d8321645e3b57,2020-07-07 14:18:10+03:00,org.hibernate.validator:hibernate-validator,6.1.2.Final,${hibernate-validator.version},R2dbcExampleApplicationIntegrationTest.java,False,None,False,None,True,Logic changed,"Revert ""BAEL-4134""",Other
repos\tutorials,7ab2f437eed3854c0715e653173d8321645e3b57,2020-07-07 14:18:10+03:00,javax.el:javax.el-api,3.0.0,${javax.el-api.version},R2dbcExampleApplicationIntegrationTest.java,False,None,False,None,True,Logic changed,"Revert ""BAEL-4134""",Other
repos\tutorials,7ab2f437eed3854c0715e653173d8321645e3b57,2020-07-07 14:18:10+03:00,org.glassfish.web:javax.el,2.2.4,${javax.el.version},R2dbcExampleApplicationIntegrationTest.java,False,None,False,None,True,Logic changed,"Revert ""BAEL-4134""",Other
repos\tutorials,7ab2f437eed3854c0715e653173d8321645e3b57,2020-07-07 14:18:10+03:00,org.springframework.data:spring-data-jpa,1.11.23.RELEASE,${spring-data-jpa.version},CustomMessage.java,False,None,False,None,True,Logic changed,"Revert ""BAEL-4134""",Other
repos\tutorials,7ab2f437eed3854c0715e653173d8321645e3b57,2020-07-07 14:18:10+03:00,org.apache.activemq:activemq-core,5.7.0,${activemq-core.version},CustomMessage.java,False,None,False,None,True,Logic changed,"Revert ""BAEL-4134""",Other
repos\tutorials,7ab2f437eed3854c0715e653173d8321645e3b57,2020-07-07 14:18:10+03:00,org.apache.derby:derby,10.8.1.2,${derby.version},CustomMessage.java,False,None,False,None,True,Logic changed,"Revert ""BAEL-4134""",Other
repos\tutorials,7ab2f437eed3854c0715e653173d8321645e3b57,2020-07-07 14:18:10+03:00,junit:junit,4.12,${junit.version},CustomMessage.java,False,None,False,None,True,Logic changed,"Revert ""BAEL-4134""",Other
repos\tutorials,7ab2f437eed3854c0715e653173d8321645e3b57,2020-07-07 14:18:10+03:00,javax.transaction:jta,1.1,${jta.version},CustomMessage.java,False,None,False,None,True,Logic changed,"Revert ""BAEL-4134""",Other
repos\tutorials,7ab2f437eed3854c0715e653173d8321645e3b57,2020-07-07 14:18:10+03:00,org.apache.geronimo.specs:geronimo-jta_1.0.1B_spec,1.0,${geronimo.version},CustomMessage.java,False,None,False,None,True,Logic changed,"Revert ""BAEL-4134""",Other
repos\tutorials,7ab2f437eed3854c0715e653173d8321645e3b57,2020-07-07 14:18:10+03:00,javax.validation:validation-api,2.0.1.Final,${validation-api.version},CustomMessage.java,False,None,False,None,True,Logic changed,"Revert ""BAEL-4134""",Other
repos\tutorials,7ab2f437eed3854c0715e653173d8321645e3b57,2020-07-07 14:18:10+03:00,org.hibernate.validator:hibernate-validator,6.1.2.Final,${hibernate-validator.version},CustomMessage.java,False,None,False,None,True,Logic changed,"Revert ""BAEL-4134""",Other
repos\tutorials,7ab2f437eed3854c0715e653173d8321645e3b57,2020-07-07 14:18:10+03:00,javax.el:javax.el-api,3.0.0,${javax.el-api.version},CustomMessage.java,False,None,False,None,True,Logic changed,"Revert ""BAEL-4134""",Other
repos\tutorials,7ab2f437eed3854c0715e653173d8321645e3b57,2020-07-07 14:18:10+03:00,org.glassfish.web:javax.el,2.2.4,${javax.el.version},CustomMessage.java,False,None,False,None,True,Logic changed,"Revert ""BAEL-4134""",Other
repos\tutorials,7ab2f437eed3854c0715e653173d8321645e3b57,2020-07-07 14:18:10+03:00,org.springframework.data:spring-data-jpa,1.11.23.RELEASE,${spring-data-jpa.version},Ledger.java,False,None,False,None,True,Logic changed,"Revert ""BAEL-4134""",Other
repos\tutorials,7ab2f437eed3854c0715e653173d8321645e3b57,2020-07-07 14:18:10+03:00,org.apache.activemq:activemq-core,5.7.0,${activemq-core.version},Ledger.java,False,None,False,None,True,Logic changed,"Revert ""BAEL-4134""",Other
repos\tutorials,7ab2f437eed3854c0715e653173d8321645e3b57,2020-07-07 14:18:10+03:00,org.apache.derby:derby,10.8.1.2,${derby.version},Ledger.java,False,None,False,None,True,Logic changed,"Revert ""BAEL-4134""",Other
repos\tutorials,7ab2f437eed3854c0715e653173d8321645e3b57,2020-07-07 14:18:10+03:00,junit:junit,4.12,${junit.version},Ledger.java,False,None,False,None,True,Logic changed,"Revert ""BAEL-4134""",Other
repos\tutorials,7ab2f437eed3854c0715e653173d8321645e3b57,2020-07-07 14:18:10+03:00,javax.transaction:jta,1.1,${jta.version},Ledger.java,False,None,False,None,True,Logic changed,"Revert ""BAEL-4134""",Other
repos\tutorials,7ab2f437eed3854c0715e653173d8321645e3b57,2020-07-07 14:18:10+03:00,org.apache.geronimo.specs:geronimo-jta_1.0.1B_spec,1.0,${geronimo.version},Ledger.java,False,None,False,None,True,Logic changed,"Revert ""BAEL-4134""",Other
repos\tutorials,7ab2f437eed3854c0715e653173d8321645e3b57,2020-07-07 14:18:10+03:00,javax.validation:validation-api,2.0.1.Final,${validation-api.version},Ledger.java,False,None,False,None,True,Logic changed,"Revert ""BAEL-4134""",Other
repos\tutorials,7ab2f437eed3854c0715e653173d8321645e3b57,2020-07-07 14:18:10+03:00,org.hibernate.validator:hibernate-validator,6.1.2.Final,${hibernate-validator.version},Ledger.java,False,None,False,None,True,Logic changed,"Revert ""BAEL-4134""",Other
repos\tutorials,7ab2f437eed3854c0715e653173d8321645e3b57,2020-07-07 14:18:10+03:00,javax.el:javax.el-api,3.0.0,${javax.el-api.version},Ledger.java,False,None,False,None,True,Logic changed,"Revert ""BAEL-4134""",Other
repos\tutorials,7ab2f437eed3854c0715e653173d8321645e3b57,2020-07-07 14:18:10+03:00,org.glassfish.web:javax.el,2.2.4,${javax.el.version},Ledger.java,False,None,False,None,True,Logic changed,"Revert ""BAEL-4134""",Other
repos\tutorials,7ab2f437eed3854c0715e653173d8321645e3b57,2020-07-07 14:18:10+03:00,org.springframework.data:spring-data-jpa,1.11.23.RELEASE,${spring-data-jpa.version},RedissonConfigurationIntegrationTest.java,False,None,False,None,True,Logic changed,"Revert ""BAEL-4134""",Other
repos\tutorials,7ab2f437eed3854c0715e653173d8321645e3b57,2020-07-07 14:18:10+03:00,org.apache.activemq:activemq-core,5.7.0,${activemq-core.version},RedissonConfigurationIntegrationTest.java,False,None,False,None,True,Logic changed,"Revert ""BAEL-4134""",Other
repos\tutorials,7ab2f437eed3854c0715e653173d8321645e3b57,2020-07-07 14:18:10+03:00,org.apache.derby:derby,10.8.1.2,${derby.version},RedissonConfigurationIntegrationTest.java,False,None,False,None,True,Logic changed,"Revert ""BAEL-4134""",Other
repos\tutorials,7ab2f437eed3854c0715e653173d8321645e3b57,2020-07-07 14:18:10+03:00,junit:junit,4.12,${junit.version},RedissonConfigurationIntegrationTest.java,False,None,False,None,True,Logic changed,"Revert ""BAEL-4134""",Other
repos\tutorials,7ab2f437eed3854c0715e653173d8321645e3b57,2020-07-07 14:18:10+03:00,javax.transaction:jta,1.1,${jta.version},RedissonConfigurationIntegrationTest.java,False,None,False,None,True,Logic changed,"Revert ""BAEL-4134""",Other
repos\tutorials,7ab2f437eed3854c0715e653173d8321645e3b57,2020-07-07 14:18:10+03:00,org.apache.geronimo.specs:geronimo-jta_1.0.1B_spec,1.0,${geronimo.version},RedissonConfigurationIntegrationTest.java,False,None,False,None,True,Logic changed,"Revert ""BAEL-4134""",Other
repos\tutorials,7ab2f437eed3854c0715e653173d8321645e3b57,2020-07-07 14:18:10+03:00,javax.validation:validation-api,2.0.1.Final,${validation-api.version},RedissonConfigurationIntegrationTest.java,False,None,False,None,True,Logic changed,"Revert ""BAEL-4134""",Other
repos\tutorials,7ab2f437eed3854c0715e653173d8321645e3b57,2020-07-07 14:18:10+03:00,org.hibernate.validator:hibernate-validator,6.1.2.Final,${hibernate-validator.version},RedissonConfigurationIntegrationTest.java,False,None,False,None,True,Logic changed,"Revert ""BAEL-4134""",Other
repos\tutorials,7ab2f437eed3854c0715e653173d8321645e3b57,2020-07-07 14:18:10+03:00,javax.el:javax.el-api,3.0.0,${javax.el-api.version},RedissonConfigurationIntegrationTest.java,False,None,False,None,True,Logic changed,"Revert ""BAEL-4134""",Other
repos\tutorials,7ab2f437eed3854c0715e653173d8321645e3b57,2020-07-07 14:18:10+03:00,org.glassfish.web:javax.el,2.2.4,${javax.el.version},RedissonConfigurationIntegrationTest.java,False,None,False,None,True,Logic changed,"Revert ""BAEL-4134""",Other
repos\tutorials,7ab2f437eed3854c0715e653173d8321645e3b57,2020-07-07 14:18:10+03:00,org.springframework.data:spring-data-jpa,1.11.23.RELEASE,${spring-data-jpa.version},RedissonIntegrationTest.java,True,"Removed: set(), Added: {'getResponses', 'setAddress'}",False,None,True,Logic changed,"Revert ""BAEL-4134""",Other
repos\tutorials,7ab2f437eed3854c0715e653173d8321645e3b57,2020-07-07 14:18:10+03:00,org.apache.activemq:activemq-core,5.7.0,${activemq-core.version},RedissonIntegrationTest.java,True,"Removed: set(), Added: {'getResponses', 'setAddress'}",False,None,True,Logic changed,"Revert ""BAEL-4134""",Other
repos\tutorials,7ab2f437eed3854c0715e653173d8321645e3b57,2020-07-07 14:18:10+03:00,org.apache.derby:derby,10.8.1.2,${derby.version},RedissonIntegrationTest.java,True,"Removed: set(), Added: {'getResponses', 'setAddress'}",False,None,True,Logic changed,"Revert ""BAEL-4134""",Other
repos\tutorials,7ab2f437eed3854c0715e653173d8321645e3b57,2020-07-07 14:18:10+03:00,junit:junit,4.12,${junit.version},RedissonIntegrationTest.java,True,"Removed: set(), Added: {'getResponses', 'setAddress'}",False,None,True,Logic changed,"Revert ""BAEL-4134""",Other
repos\tutorials,7ab2f437eed3854c0715e653173d8321645e3b57,2020-07-07 14:18:10+03:00,javax.transaction:jta,1.1,${jta.version},RedissonIntegrationTest.java,True,"Removed: set(), Added: {'getResponses', 'setAddress'}",False,None,True,Logic changed,"Revert ""BAEL-4134""",Other
repos\tutorials,7ab2f437eed3854c0715e653173d8321645e3b57,2020-07-07 14:18:10+03:00,org.apache.geronimo.specs:geronimo-jta_1.0.1B_spec,1.0,${geronimo.version},RedissonIntegrationTest.java,True,"Removed: set(), Added: {'getResponses', 'setAddress'}",False,None,True,Logic changed,"Revert ""BAEL-4134""",Other
repos\tutorials,7ab2f437eed3854c0715e653173d8321645e3b57,2020-07-07 14:18:10+03:00,javax.validation:validation-api,2.0.1.Final,${validation-api.version},RedissonIntegrationTest.java,True,"Removed: set(), Added: {'getResponses', 'setAddress'}",False,None,True,Logic changed,"Revert ""BAEL-4134""",Other
repos\tutorials,7ab2f437eed3854c0715e653173d8321645e3b57,2020-07-07 14:18:10+03:00,org.hibernate.validator:hibernate-validator,6.1.2.Final,${hibernate-validator.version},RedissonIntegrationTest.java,True,"Removed: set(), Added: {'getResponses', 'setAddress'}",False,None,True,Logic changed,"Revert ""BAEL-4134""",Other
repos\tutorials,7ab2f437eed3854c0715e653173d8321645e3b57,2020-07-07 14:18:10+03:00,javax.el:javax.el-api,3.0.0,${javax.el-api.version},RedissonIntegrationTest.java,True,"Removed: set(), Added: {'getResponses', 'setAddress'}",False,None,True,Logic changed,"Revert ""BAEL-4134""",Other
repos\tutorials,7ab2f437eed3854c0715e653173d8321645e3b57,2020-07-07 14:18:10+03:00,org.glassfish.web:javax.el,2.2.4,${javax.el.version},RedissonIntegrationTest.java,True,"Removed: set(), Added: {'getResponses', 'setAddress'}",False,None,True,Logic changed,"Revert ""BAEL-4134""",Other
repos\tutorials,7ab2f437eed3854c0715e653173d8321645e3b57,2020-07-07 14:18:10+03:00,org.springframework.data:spring-data-jpa,1.11.23.RELEASE,${spring-data-jpa.version},PersistenceConfig.java,False,None,True,Removed methods: {'auditorAwareImpl'},True,Logic changed,"Revert ""BAEL-4134""",Other
repos\tutorials,7ab2f437eed3854c0715e653173d8321645e3b57,2020-07-07 14:18:10+03:00,org.apache.activemq:activemq-core,5.7.0,${activemq-core.version},PersistenceConfig.java,False,None,True,Removed methods: {'auditorAwareImpl'},True,Logic changed,"Revert ""BAEL-4134""",Other
repos\tutorials,7ab2f437eed3854c0715e653173d8321645e3b57,2020-07-07 14:18:10+03:00,org.apache.derby:derby,10.8.1.2,${derby.version},PersistenceConfig.java,False,None,True,Removed methods: {'auditorAwareImpl'},True,Logic changed,"Revert ""BAEL-4134""",Other
repos\tutorials,7ab2f437eed3854c0715e653173d8321645e3b57,2020-07-07 14:18:10+03:00,junit:junit,4.12,${junit.version},PersistenceConfig.java,False,None,True,Removed methods: {'auditorAwareImpl'},True,Logic changed,"Revert ""BAEL-4134""",Other
repos\tutorials,7ab2f437eed3854c0715e653173d8321645e3b57,2020-07-07 14:18:10+03:00,javax.transaction:jta,1.1,${jta.version},PersistenceConfig.java,False,None,True,Removed methods: {'auditorAwareImpl'},True,Logic changed,"Revert ""BAEL-4134""",Other
repos\tutorials,7ab2f437eed3854c0715e653173d8321645e3b57,2020-07-07 14:18:10+03:00,org.apache.geronimo.specs:geronimo-jta_1.0.1B_spec,1.0,${geronimo.version},PersistenceConfig.java,False,None,True,Removed methods: {'auditorAwareImpl'},True,Logic changed,"Revert ""BAEL-4134""",Other
repos\tutorials,7ab2f437eed3854c0715e653173d8321645e3b57,2020-07-07 14:18:10+03:00,javax.validation:validation-api,2.0.1.Final,${validation-api.version},PersistenceConfig.java,False,None,True,Removed methods: {'auditorAwareImpl'},True,Logic changed,"Revert ""BAEL-4134""",Other
repos\tutorials,7ab2f437eed3854c0715e653173d8321645e3b57,2020-07-07 14:18:10+03:00,org.hibernate.validator:hibernate-validator,6.1.2.Final,${hibernate-validator.version},PersistenceConfig.java,False,None,True,Removed methods: {'auditorAwareImpl'},True,Logic changed,"Revert ""BAEL-4134""",Other
repos\tutorials,7ab2f437eed3854c0715e653173d8321645e3b57,2020-07-07 14:18:10+03:00,javax.el:javax.el-api,3.0.0,${javax.el-api.version},PersistenceConfig.java,False,None,True,Removed methods: {'auditorAwareImpl'},True,Logic changed,"Revert ""BAEL-4134""",Other
repos\tutorials,7ab2f437eed3854c0715e653173d8321645e3b57,2020-07-07 14:18:10+03:00,org.glassfish.web:javax.el,2.2.4,${javax.el.version},PersistenceConfig.java,False,None,True,Removed methods: {'auditorAwareImpl'},True,Logic changed,"Revert ""BAEL-4134""",Other
repos\tutorials,7ab2f437eed3854c0715e653173d8321645e3b57,2020-07-07 14:18:10+03:00,org.springframework.data:spring-data-jpa,1.11.23.RELEASE,${spring-data-jpa.version},SecurityConfig.java,True,"Removed: {'passwordEncoder'}, Added: set()",True,Removed methods: {'passwordEncoder'},True,Logic changed,"Revert ""BAEL-4134""",Other
repos\tutorials,7ab2f437eed3854c0715e653173d8321645e3b57,2020-07-07 14:18:10+03:00,org.apache.activemq:activemq-core,5.7.0,${activemq-core.version},SecurityConfig.java,True,"Removed: {'passwordEncoder'}, Added: set()",True,Removed methods: {'passwordEncoder'},True,Logic changed,"Revert ""BAEL-4134""",Other
repos\tutorials,7ab2f437eed3854c0715e653173d8321645e3b57,2020-07-07 14:18:10+03:00,org.apache.derby:derby,10.8.1.2,${derby.version},SecurityConfig.java,True,"Removed: {'passwordEncoder'}, Added: set()",True,Removed methods: {'passwordEncoder'},True,Logic changed,"Revert ""BAEL-4134""",Other
repos\tutorials,7ab2f437eed3854c0715e653173d8321645e3b57,2020-07-07 14:18:10+03:00,junit:junit,4.12,${junit.version},SecurityConfig.java,True,"Removed: {'passwordEncoder'}, Added: set()",True,Removed methods: {'passwordEncoder'},True,Logic changed,"Revert ""BAEL-4134""",Other
repos\tutorials,7ab2f437eed3854c0715e653173d8321645e3b57,2020-07-07 14:18:10+03:00,javax.transaction:jta,1.1,${jta.version},SecurityConfig.java,True,"Removed: {'passwordEncoder'}, Added: set()",True,Removed methods: {'passwordEncoder'},True,Logic changed,"Revert ""BAEL-4134""",Other
repos\tutorials,7ab2f437eed3854c0715e653173d8321645e3b57,2020-07-07 14:18:10+03:00,org.apache.geronimo.specs:geronimo-jta_1.0.1B_spec,1.0,${geronimo.version},SecurityConfig.java,True,"Removed: {'passwordEncoder'}, Added: set()",True,Removed methods: {'passwordEncoder'},True,Logic changed,"Revert ""BAEL-4134""",Other
repos\tutorials,7ab2f437eed3854c0715e653173d8321645e3b57,2020-07-07 14:18:10+03:00,javax.validation:validation-api,2.0.1.Final,${validation-api.version},SecurityConfig.java,True,"Removed: {'passwordEncoder'}, Added: set()",True,Removed methods: {'passwordEncoder'},True,Logic changed,"Revert ""BAEL-4134""",Other
repos\tutorials,7ab2f437eed3854c0715e653173d8321645e3b57,2020-07-07 14:18:10+03:00,org.hibernate.validator:hibernate-validator,6.1.2.Final,${hibernate-validator.version},SecurityConfig.java,True,"Removed: {'passwordEncoder'}, Added: set()",True,Removed methods: {'passwordEncoder'},True,Logic changed,"Revert ""BAEL-4134""",Other
repos\tutorials,7ab2f437eed3854c0715e653173d8321645e3b57,2020-07-07 14:18:10+03:00,javax.el:javax.el-api,3.0.0,${javax.el-api.version},SecurityConfig.java,True,"Removed: {'passwordEncoder'}, Added: set()",True,Removed methods: {'passwordEncoder'},True,Logic changed,"Revert ""BAEL-4134""",Other
repos\tutorials,7ab2f437eed3854c0715e653173d8321645e3b57,2020-07-07 14:18:10+03:00,org.glassfish.web:javax.el,2.2.4,${javax.el.version},SecurityConfig.java,True,"Removed: {'passwordEncoder'}, Added: set()",True,Removed methods: {'passwordEncoder'},True,Logic changed,"Revert ""BAEL-4134""",Other
repos\tutorials,7ab2f437eed3854c0715e653173d8321645e3b57,2020-07-07 14:18:10+03:00,org.springframework.data:spring-data-jpa,1.11.23.RELEASE,${spring-data-jpa.version},SecurityConfig.java,True,"Removed: {'passwordEncoder'}, Added: set()",True,Removed methods: {'passwordEncoder'},True,Logic changed,"Revert ""BAEL-4134""",Other
repos\tutorials,7ab2f437eed3854c0715e653173d8321645e3b57,2020-07-07 14:18:10+03:00,org.apache.activemq:activemq-core,5.7.0,${activemq-core.version},SecurityConfig.java,True,"Removed: {'passwordEncoder'}, Added: set()",True,Removed methods: {'passwordEncoder'},True,Logic changed,"Revert ""BAEL-4134""",Other
repos\tutorials,7ab2f437eed3854c0715e653173d8321645e3b57,2020-07-07 14:18:10+03:00,org.apache.derby:derby,10.8.1.2,${derby.version},SecurityConfig.java,True,"Removed: {'passwordEncoder'}, Added: set()",True,Removed methods: {'passwordEncoder'},True,Logic changed,"Revert ""BAEL-4134""",Other
repos\tutorials,7ab2f437eed3854c0715e653173d8321645e3b57,2020-07-07 14:18:10+03:00,junit:junit,4.12,${junit.version},SecurityConfig.java,True,"Removed: {'passwordEncoder'}, Added: set()",True,Removed methods: {'passwordEncoder'},True,Logic changed,"Revert ""BAEL-4134""",Other
repos\tutorials,7ab2f437eed3854c0715e653173d8321645e3b57,2020-07-07 14:18:10+03:00,javax.transaction:jta,1.1,${jta.version},SecurityConfig.java,True,"Removed: {'passwordEncoder'}, Added: set()",True,Removed methods: {'passwordEncoder'},True,Logic changed,"Revert ""BAEL-4134""",Other
repos\tutorials,7ab2f437eed3854c0715e653173d8321645e3b57,2020-07-07 14:18:10+03:00,org.apache.geronimo.specs:geronimo-jta_1.0.1B_spec,1.0,${geronimo.version},SecurityConfig.java,True,"Removed: {'passwordEncoder'}, Added: set()",True,Removed methods: {'passwordEncoder'},True,Logic changed,"Revert ""BAEL-4134""",Other
repos\tutorials,7ab2f437eed3854c0715e653173d8321645e3b57,2020-07-07 14:18:10+03:00,javax.validation:validation-api,2.0.1.Final,${validation-api.version},SecurityConfig.java,True,"Removed: {'passwordEncoder'}, Added: set()",True,Removed methods: {'passwordEncoder'},True,Logic changed,"Revert ""BAEL-4134""",Other
repos\tutorials,7ab2f437eed3854c0715e653173d8321645e3b57,2020-07-07 14:18:10+03:00,org.hibernate.validator:hibernate-validator,6.1.2.Final,${hibernate-validator.version},SecurityConfig.java,True,"Removed: {'passwordEncoder'}, Added: set()",True,Removed methods: {'passwordEncoder'},True,Logic changed,"Revert ""BAEL-4134""",Other
repos\tutorials,7ab2f437eed3854c0715e653173d8321645e3b57,2020-07-07 14:18:10+03:00,javax.el:javax.el-api,3.0.0,${javax.el-api.version},SecurityConfig.java,True,"Removed: {'passwordEncoder'}, Added: set()",True,Removed methods: {'passwordEncoder'},True,Logic changed,"Revert ""BAEL-4134""",Other
repos\tutorials,7ab2f437eed3854c0715e653173d8321645e3b57,2020-07-07 14:18:10+03:00,org.glassfish.web:javax.el,2.2.4,${javax.el.version},SecurityConfig.java,True,"Removed: {'passwordEncoder'}, Added: set()",True,Removed methods: {'passwordEncoder'},True,Logic changed,"Revert ""BAEL-4134""",Other
repos\tutorials,7ab2f437eed3854c0715e653173d8321645e3b57,2020-07-07 14:18:10+03:00,org.springframework.data:spring-data-jpa,1.11.23.RELEASE,${spring-data-jpa.version},LoginFieldsFullIntegrationTest.java,False,None,False,None,True,Logic changed,"Revert ""BAEL-4134""",Other
repos\tutorials,7ab2f437eed3854c0715e653173d8321645e3b57,2020-07-07 14:18:10+03:00,org.apache.activemq:activemq-core,5.7.0,${activemq-core.version},LoginFieldsFullIntegrationTest.java,False,None,False,None,True,Logic changed,"Revert ""BAEL-4134""",Other
repos\tutorials,7ab2f437eed3854c0715e653173d8321645e3b57,2020-07-07 14:18:10+03:00,org.apache.derby:derby,10.8.1.2,${derby.version},LoginFieldsFullIntegrationTest.java,False,None,False,None,True,Logic changed,"Revert ""BAEL-4134""",Other
repos\tutorials,7ab2f437eed3854c0715e653173d8321645e3b57,2020-07-07 14:18:10+03:00,junit:junit,4.12,${junit.version},LoginFieldsFullIntegrationTest.java,False,None,False,None,True,Logic changed,"Revert ""BAEL-4134""",Other
repos\tutorials,7ab2f437eed3854c0715e653173d8321645e3b57,2020-07-07 14:18:10+03:00,javax.transaction:jta,1.1,${jta.version},LoginFieldsFullIntegrationTest.java,False,None,False,None,True,Logic changed,"Revert ""BAEL-4134""",Other
repos\tutorials,7ab2f437eed3854c0715e653173d8321645e3b57,2020-07-07 14:18:10+03:00,org.apache.geronimo.specs:geronimo-jta_1.0.1B_spec,1.0,${geronimo.version},LoginFieldsFullIntegrationTest.java,False,None,False,None,True,Logic changed,"Revert ""BAEL-4134""",Other
repos\tutorials,7ab2f437eed3854c0715e653173d8321645e3b57,2020-07-07 14:18:10+03:00,javax.validation:validation-api,2.0.1.Final,${validation-api.version},LoginFieldsFullIntegrationTest.java,False,None,False,None,True,Logic changed,"Revert ""BAEL-4134""",Other
repos\tutorials,7ab2f437eed3854c0715e653173d8321645e3b57,2020-07-07 14:18:10+03:00,org.hibernate.validator:hibernate-validator,6.1.2.Final,${hibernate-validator.version},LoginFieldsFullIntegrationTest.java,False,None,False,None,True,Logic changed,"Revert ""BAEL-4134""",Other
repos\tutorials,7ab2f437eed3854c0715e653173d8321645e3b57,2020-07-07 14:18:10+03:00,javax.el:javax.el-api,3.0.0,${javax.el-api.version},LoginFieldsFullIntegrationTest.java,False,None,False,None,True,Logic changed,"Revert ""BAEL-4134""",Other
repos\tutorials,7ab2f437eed3854c0715e653173d8321645e3b57,2020-07-07 14:18:10+03:00,org.glassfish.web:javax.el,2.2.4,${javax.el.version},LoginFieldsFullIntegrationTest.java,False,None,False,None,True,Logic changed,"Revert ""BAEL-4134""",Other
repos\tutorials,7ab2f437eed3854c0715e653173d8321645e3b57,2020-07-07 14:18:10+03:00,org.springframework.data:spring-data-jpa,1.11.23.RELEASE,${spring-data-jpa.version},LoginFieldsSimpleIntegrationTest.java,False,None,False,None,True,Logic changed,"Revert ""BAEL-4134""",Other
repos\tutorials,7ab2f437eed3854c0715e653173d8321645e3b57,2020-07-07 14:18:10+03:00,org.apache.activemq:activemq-core,5.7.0,${activemq-core.version},LoginFieldsSimpleIntegrationTest.java,False,None,False,None,True,Logic changed,"Revert ""BAEL-4134""",Other
repos\tutorials,7ab2f437eed3854c0715e653173d8321645e3b57,2020-07-07 14:18:10+03:00,org.apache.derby:derby,10.8.1.2,${derby.version},LoginFieldsSimpleIntegrationTest.java,False,None,False,None,True,Logic changed,"Revert ""BAEL-4134""",Other
repos\tutorials,7ab2f437eed3854c0715e653173d8321645e3b57,2020-07-07 14:18:10+03:00,junit:junit,4.12,${junit.version},LoginFieldsSimpleIntegrationTest.java,False,None,False,None,True,Logic changed,"Revert ""BAEL-4134""",Other
repos\tutorials,7ab2f437eed3854c0715e653173d8321645e3b57,2020-07-07 14:18:10+03:00,javax.transaction:jta,1.1,${jta.version},LoginFieldsSimpleIntegrationTest.java,False,None,False,None,True,Logic changed,"Revert ""BAEL-4134""",Other
repos\tutorials,7ab2f437eed3854c0715e653173d8321645e3b57,2020-07-07 14:18:10+03:00,org.apache.geronimo.specs:geronimo-jta_1.0.1B_spec,1.0,${geronimo.version},LoginFieldsSimpleIntegrationTest.java,False,None,False,None,True,Logic changed,"Revert ""BAEL-4134""",Other
repos\tutorials,7ab2f437eed3854c0715e653173d8321645e3b57,2020-07-07 14:18:10+03:00,javax.validation:validation-api,2.0.1.Final,${validation-api.version},LoginFieldsSimpleIntegrationTest.java,False,None,False,None,True,Logic changed,"Revert ""BAEL-4134""",Other
repos\tutorials,7ab2f437eed3854c0715e653173d8321645e3b57,2020-07-07 14:18:10+03:00,org.hibernate.validator:hibernate-validator,6.1.2.Final,${hibernate-validator.version},LoginFieldsSimpleIntegrationTest.java,False,None,False,None,True,Logic changed,"Revert ""BAEL-4134""",Other
repos\tutorials,7ab2f437eed3854c0715e653173d8321645e3b57,2020-07-07 14:18:10+03:00,javax.el:javax.el-api,3.0.0,${javax.el-api.version},LoginFieldsSimpleIntegrationTest.java,False,None,False,None,True,Logic changed,"Revert ""BAEL-4134""",Other
repos\tutorials,7ab2f437eed3854c0715e653173d8321645e3b57,2020-07-07 14:18:10+03:00,org.glassfish.web:javax.el,2.2.4,${javax.el.version},LoginFieldsSimpleIntegrationTest.java,False,None,False,None,True,Logic changed,"Revert ""BAEL-4134""",Other
repos\tutorials,7ab2f437eed3854c0715e653173d8321645e3b57,2020-07-07 14:18:10+03:00,org.springframework.data:spring-data-jpa,1.11.23.RELEASE,${spring-data-jpa.version},ServerLocationAppIntegrationTest.java,False,None,False,None,True,Logic changed,"Revert ""BAEL-4134""",Other
repos\tutorials,7ab2f437eed3854c0715e653173d8321645e3b57,2020-07-07 14:18:10+03:00,org.apache.activemq:activemq-core,5.7.0,${activemq-core.version},ServerLocationAppIntegrationTest.java,False,None,False,None,True,Logic changed,"Revert ""BAEL-4134""",Other
repos\tutorials,7ab2f437eed3854c0715e653173d8321645e3b57,2020-07-07 14:18:10+03:00,org.apache.derby:derby,10.8.1.2,${derby.version},ServerLocationAppIntegrationTest.java,False,None,False,None,True,Logic changed,"Revert ""BAEL-4134""",Other
repos\tutorials,7ab2f437eed3854c0715e653173d8321645e3b57,2020-07-07 14:18:10+03:00,junit:junit,4.12,${junit.version},ServerLocationAppIntegrationTest.java,False,None,False,None,True,Logic changed,"Revert ""BAEL-4134""",Other
repos\tutorials,7ab2f437eed3854c0715e653173d8321645e3b57,2020-07-07 14:18:10+03:00,javax.transaction:jta,1.1,${jta.version},ServerLocationAppIntegrationTest.java,False,None,False,None,True,Logic changed,"Revert ""BAEL-4134""",Other
repos\tutorials,7ab2f437eed3854c0715e653173d8321645e3b57,2020-07-07 14:18:10+03:00,org.apache.geronimo.specs:geronimo-jta_1.0.1B_spec,1.0,${geronimo.version},ServerLocationAppIntegrationTest.java,False,None,False,None,True,Logic changed,"Revert ""BAEL-4134""",Other
repos\tutorials,7ab2f437eed3854c0715e653173d8321645e3b57,2020-07-07 14:18:10+03:00,javax.validation:validation-api,2.0.1.Final,${validation-api.version},ServerLocationAppIntegrationTest.java,False,None,False,None,True,Logic changed,"Revert ""BAEL-4134""",Other
repos\tutorials,7ab2f437eed3854c0715e653173d8321645e3b57,2020-07-07 14:18:10+03:00,org.hibernate.validator:hibernate-validator,6.1.2.Final,${hibernate-validator.version},ServerLocationAppIntegrationTest.java,False,None,False,None,True,Logic changed,"Revert ""BAEL-4134""",Other
repos\tutorials,7ab2f437eed3854c0715e653173d8321645e3b57,2020-07-07 14:18:10+03:00,javax.el:javax.el-api,3.0.0,${javax.el-api.version},ServerLocationAppIntegrationTest.java,False,None,False,None,True,Logic changed,"Revert ""BAEL-4134""",Other
repos\tutorials,7ab2f437eed3854c0715e653173d8321645e3b57,2020-07-07 14:18:10+03:00,org.glassfish.web:javax.el,2.2.4,${javax.el.version},ServerLocationAppIntegrationTest.java,False,None,False,None,True,Logic changed,"Revert ""BAEL-4134""",Other
repos\tutorials,7ab2f437eed3854c0715e653173d8321645e3b57,2020-07-07 14:18:10+03:00,org.springframework.data:spring-data-jpa,1.11.23.RELEASE,${spring-data-jpa.version},EJBSetupLiveTest.java,False,None,False,None,True,Logic changed,"Revert ""BAEL-4134""",Other
repos\tutorials,7ab2f437eed3854c0715e653173d8321645e3b57,2020-07-07 14:18:10+03:00,org.apache.activemq:activemq-core,5.7.0,${activemq-core.version},EJBSetupLiveTest.java,False,None,False,None,True,Logic changed,"Revert ""BAEL-4134""",Other
repos\tutorials,7ab2f437eed3854c0715e653173d8321645e3b57,2020-07-07 14:18:10+03:00,org.apache.derby:derby,10.8.1.2,${derby.version},EJBSetupLiveTest.java,False,None,False,None,True,Logic changed,"Revert ""BAEL-4134""",Other
repos\tutorials,7ab2f437eed3854c0715e653173d8321645e3b57,2020-07-07 14:18:10+03:00,junit:junit,4.12,${junit.version},EJBSetupLiveTest.java,False,None,False,None,True,Logic changed,"Revert ""BAEL-4134""",Other
repos\tutorials,7ab2f437eed3854c0715e653173d8321645e3b57,2020-07-07 14:18:10+03:00,javax.transaction:jta,1.1,${jta.version},EJBSetupLiveTest.java,False,None,False,None,True,Logic changed,"Revert ""BAEL-4134""",Other
repos\tutorials,7ab2f437eed3854c0715e653173d8321645e3b57,2020-07-07 14:18:10+03:00,org.apache.geronimo.specs:geronimo-jta_1.0.1B_spec,1.0,${geronimo.version},EJBSetupLiveTest.java,False,None,False,None,True,Logic changed,"Revert ""BAEL-4134""",Other
repos\tutorials,7ab2f437eed3854c0715e653173d8321645e3b57,2020-07-07 14:18:10+03:00,javax.validation:validation-api,2.0.1.Final,${validation-api.version},EJBSetupLiveTest.java,False,None,False,None,True,Logic changed,"Revert ""BAEL-4134""",Other
repos\tutorials,7ab2f437eed3854c0715e653173d8321645e3b57,2020-07-07 14:18:10+03:00,org.hibernate.validator:hibernate-validator,6.1.2.Final,${hibernate-validator.version},EJBSetupLiveTest.java,False,None,False,None,True,Logic changed,"Revert ""BAEL-4134""",Other
repos\tutorials,7ab2f437eed3854c0715e653173d8321645e3b57,2020-07-07 14:18:10+03:00,javax.el:javax.el-api,3.0.0,${javax.el-api.version},EJBSetupLiveTest.java,False,None,False,None,True,Logic changed,"Revert ""BAEL-4134""",Other
repos\tutorials,7ab2f437eed3854c0715e653173d8321645e3b57,2020-07-07 14:18:10+03:00,org.glassfish.web:javax.el,2.2.4,${javax.el.version},EJBSetupLiveTest.java,False,None,False,None,True,Logic changed,"Revert ""BAEL-4134""",Other
repos\tutorials,7ab2f437eed3854c0715e653173d8321645e3b57,2020-07-07 14:18:10+03:00,org.springframework.data:spring-data-jpa,1.11.23.RELEASE,${spring-data-jpa.version},TextApplicationLiveTest.java,True,"Removed: {'assertEquals'}, Added: {'contains', 'assertTrue'}",False,None,True,Logic changed,"Revert ""BAEL-4134""",Other
repos\tutorials,7ab2f437eed3854c0715e653173d8321645e3b57,2020-07-07 14:18:10+03:00,org.apache.activemq:activemq-core,5.7.0,${activemq-core.version},TextApplicationLiveTest.java,True,"Removed: {'assertEquals'}, Added: {'contains', 'assertTrue'}",False,None,True,Logic changed,"Revert ""BAEL-4134""",Other
repos\tutorials,7ab2f437eed3854c0715e653173d8321645e3b57,2020-07-07 14:18:10+03:00,org.apache.derby:derby,10.8.1.2,${derby.version},TextApplicationLiveTest.java,True,"Removed: {'assertEquals'}, Added: {'contains', 'assertTrue'}",False,None,True,Logic changed,"Revert ""BAEL-4134""",Other
repos\tutorials,7ab2f437eed3854c0715e653173d8321645e3b57,2020-07-07 14:18:10+03:00,junit:junit,4.12,${junit.version},TextApplicationLiveTest.java,True,"Removed: {'assertEquals'}, Added: {'contains', 'assertTrue'}",False,None,True,Logic changed,"Revert ""BAEL-4134""",Other
repos\tutorials,7ab2f437eed3854c0715e653173d8321645e3b57,2020-07-07 14:18:10+03:00,javax.transaction:jta,1.1,${jta.version},TextApplicationLiveTest.java,True,"Removed: {'assertEquals'}, Added: {'contains', 'assertTrue'}",False,None,True,Logic changed,"Revert ""BAEL-4134""",Other
repos\tutorials,7ab2f437eed3854c0715e653173d8321645e3b57,2020-07-07 14:18:10+03:00,org.apache.geronimo.specs:geronimo-jta_1.0.1B_spec,1.0,${geronimo.version},TextApplicationLiveTest.java,True,"Removed: {'assertEquals'}, Added: {'contains', 'assertTrue'}",False,None,True,Logic changed,"Revert ""BAEL-4134""",Other
repos\tutorials,7ab2f437eed3854c0715e653173d8321645e3b57,2020-07-07 14:18:10+03:00,javax.validation:validation-api,2.0.1.Final,${validation-api.version},TextApplicationLiveTest.java,True,"Removed: {'assertEquals'}, Added: {'contains', 'assertTrue'}",False,None,True,Logic changed,"Revert ""BAEL-4134""",Other
repos\tutorials,7ab2f437eed3854c0715e653173d8321645e3b57,2020-07-07 14:18:10+03:00,org.hibernate.validator:hibernate-validator,6.1.2.Final,${hibernate-validator.version},TextApplicationLiveTest.java,True,"Removed: {'assertEquals'}, Added: {'contains', 'assertTrue'}",False,None,True,Logic changed,"Revert ""BAEL-4134""",Other
repos\tutorials,7ab2f437eed3854c0715e653173d8321645e3b57,2020-07-07 14:18:10+03:00,javax.el:javax.el-api,3.0.0,${javax.el-api.version},TextApplicationLiveTest.java,True,"Removed: {'assertEquals'}, Added: {'contains', 'assertTrue'}",False,None,True,Logic changed,"Revert ""BAEL-4134""",Other
repos\tutorials,7ab2f437eed3854c0715e653173d8321645e3b57,2020-07-07 14:18:10+03:00,org.glassfish.web:javax.el,2.2.4,${javax.el.version},TextApplicationLiveTest.java,True,"Removed: {'assertEquals'}, Added: {'contains', 'assertTrue'}",False,None,True,Logic changed,"Revert ""BAEL-4134""",Other
repos\tutorials,7ab2f437eed3854c0715e653173d8321645e3b57,2020-07-07 14:18:10+03:00,org.springframework.data:spring-data-jpa,1.11.23.RELEASE,${spring-data-jpa.version},WebInitializer.java,False,None,False,None,False,None,"Revert ""BAEL-4134""",Other
repos\tutorials,7ab2f437eed3854c0715e653173d8321645e3b57,2020-07-07 14:18:10+03:00,org.apache.activemq:activemq-core,5.7.0,${activemq-core.version},WebInitializer.java,False,None,False,None,False,None,"Revert ""BAEL-4134""",Other
repos\tutorials,7ab2f437eed3854c0715e653173d8321645e3b57,2020-07-07 14:18:10+03:00,org.apache.derby:derby,10.8.1.2,${derby.version},WebInitializer.java,False,None,False,None,False,None,"Revert ""BAEL-4134""",Other
repos\tutorials,7ab2f437eed3854c0715e653173d8321645e3b57,2020-07-07 14:18:10+03:00,junit:junit,4.12,${junit.version},WebInitializer.java,False,None,False,None,False,None,"Revert ""BAEL-4134""",Other
repos\tutorials,7ab2f437eed3854c0715e653173d8321645e3b57,2020-07-07 14:18:10+03:00,javax.transaction:jta,1.1,${jta.version},WebInitializer.java,False,None,False,None,False,None,"Revert ""BAEL-4134""",Other
repos\tutorials,7ab2f437eed3854c0715e653173d8321645e3b57,2020-07-07 14:18:10+03:00,org.apache.geronimo.specs:geronimo-jta_1.0.1B_spec,1.0,${geronimo.version},WebInitializer.java,False,None,False,None,False,None,"Revert ""BAEL-4134""",Other
repos\tutorials,7ab2f437eed3854c0715e653173d8321645e3b57,2020-07-07 14:18:10+03:00,javax.validation:validation-api,2.0.1.Final,${validation-api.version},WebInitializer.java,False,None,False,None,False,None,"Revert ""BAEL-4134""",Other
repos\tutorials,7ab2f437eed3854c0715e653173d8321645e3b57,2020-07-07 14:18:10+03:00,org.hibernate.validator:hibernate-validator,6.1.2.Final,${hibernate-validator.version},WebInitializer.java,False,None,False,None,False,None,"Revert ""BAEL-4134""",Other
repos\tutorials,7ab2f437eed3854c0715e653173d8321645e3b57,2020-07-07 14:18:10+03:00,javax.el:javax.el-api,3.0.0,${javax.el-api.version},WebInitializer.java,False,None,False,None,False,None,"Revert ""BAEL-4134""",Other
repos\tutorials,7ab2f437eed3854c0715e653173d8321645e3b57,2020-07-07 14:18:10+03:00,org.glassfish.web:javax.el,2.2.4,${javax.el.version},WebInitializer.java,False,None,False,None,False,None,"Revert ""BAEL-4134""",Other
repos\tutorials,7ab2f437eed3854c0715e653173d8321645e3b57,2020-07-07 14:18:10+03:00,org.springframework.data:spring-data-jpa,1.11.23.RELEASE,${spring-data-jpa.version},EmailServiceImpl.java,True,"Removed: set(), Added: {'setFrom'}",False,None,True,Logic changed,"Revert ""BAEL-4134""",Other
repos\tutorials,7ab2f437eed3854c0715e653173d8321645e3b57,2020-07-07 14:18:10+03:00,org.apache.activemq:activemq-core,5.7.0,${activemq-core.version},EmailServiceImpl.java,True,"Removed: set(), Added: {'setFrom'}",False,None,True,Logic changed,"Revert ""BAEL-4134""",Other
repos\tutorials,7ab2f437eed3854c0715e653173d8321645e3b57,2020-07-07 14:18:10+03:00,org.apache.derby:derby,10.8.1.2,${derby.version},EmailServiceImpl.java,True,"Removed: set(), Added: {'setFrom'}",False,None,True,Logic changed,"Revert ""BAEL-4134""",Other
repos\tutorials,7ab2f437eed3854c0715e653173d8321645e3b57,2020-07-07 14:18:10+03:00,junit:junit,4.12,${junit.version},EmailServiceImpl.java,True,"Removed: set(), Added: {'setFrom'}",False,None,True,Logic changed,"Revert ""BAEL-4134""",Other
repos\tutorials,7ab2f437eed3854c0715e653173d8321645e3b57,2020-07-07 14:18:10+03:00,javax.transaction:jta,1.1,${jta.version},EmailServiceImpl.java,True,"Removed: set(), Added: {'setFrom'}",False,None,True,Logic changed,"Revert ""BAEL-4134""",Other
repos\tutorials,7ab2f437eed3854c0715e653173d8321645e3b57,2020-07-07 14:18:10+03:00,org.apache.geronimo.specs:geronimo-jta_1.0.1B_spec,1.0,${geronimo.version},EmailServiceImpl.java,True,"Removed: set(), Added: {'setFrom'}",False,None,True,Logic changed,"Revert ""BAEL-4134""",Other
repos\tutorials,7ab2f437eed3854c0715e653173d8321645e3b57,2020-07-07 14:18:10+03:00,javax.validation:validation-api,2.0.1.Final,${validation-api.version},EmailServiceImpl.java,True,"Removed: set(), Added: {'setFrom'}",False,None,True,Logic changed,"Revert ""BAEL-4134""",Other
repos\tutorials,7ab2f437eed3854c0715e653173d8321645e3b57,2020-07-07 14:18:10+03:00,org.hibernate.validator:hibernate-validator,6.1.2.Final,${hibernate-validator.version},EmailServiceImpl.java,True,"Removed: set(), Added: {'setFrom'}",False,None,True,Logic changed,"Revert ""BAEL-4134""",Other
repos\tutorials,7ab2f437eed3854c0715e653173d8321645e3b57,2020-07-07 14:18:10+03:00,javax.el:javax.el-api,3.0.0,${javax.el-api.version},EmailServiceImpl.java,True,"Removed: set(), Added: {'setFrom'}",False,None,True,Logic changed,"Revert ""BAEL-4134""",Other
repos\tutorials,7ab2f437eed3854c0715e653173d8321645e3b57,2020-07-07 14:18:10+03:00,org.glassfish.web:javax.el,2.2.4,${javax.el.version},EmailServiceImpl.java,True,"Removed: set(), Added: {'setFrom'}",False,None,True,Logic changed,"Revert ""BAEL-4134""",Other
repos\tutorials,7ab2f437eed3854c0715e653173d8321645e3b57,2020-07-07 14:18:10+03:00,org.springframework.data:spring-data-jpa,1.11.23.RELEASE,${spring-data-jpa.version},TilesApplicationConfiguration.java,False,None,False,None,True,Logic changed,"Revert ""BAEL-4134""",Other
repos\tutorials,7ab2f437eed3854c0715e653173d8321645e3b57,2020-07-07 14:18:10+03:00,org.apache.activemq:activemq-core,5.7.0,${activemq-core.version},TilesApplicationConfiguration.java,False,None,False,None,True,Logic changed,"Revert ""BAEL-4134""",Other
repos\tutorials,7ab2f437eed3854c0715e653173d8321645e3b57,2020-07-07 14:18:10+03:00,org.apache.derby:derby,10.8.1.2,${derby.version},TilesApplicationConfiguration.java,False,None,False,None,True,Logic changed,"Revert ""BAEL-4134""",Other
repos\tutorials,7ab2f437eed3854c0715e653173d8321645e3b57,2020-07-07 14:18:10+03:00,junit:junit,4.12,${junit.version},TilesApplicationConfiguration.java,False,None,False,None,True,Logic changed,"Revert ""BAEL-4134""",Other
repos\tutorials,7ab2f437eed3854c0715e653173d8321645e3b57,2020-07-07 14:18:10+03:00,javax.transaction:jta,1.1,${jta.version},TilesApplicationConfiguration.java,False,None,False,None,True,Logic changed,"Revert ""BAEL-4134""",Other
repos\tutorials,7ab2f437eed3854c0715e653173d8321645e3b57,2020-07-07 14:18:10+03:00,org.apache.geronimo.specs:geronimo-jta_1.0.1B_spec,1.0,${geronimo.version},TilesApplicationConfiguration.java,False,None,False,None,True,Logic changed,"Revert ""BAEL-4134""",Other
repos\tutorials,7ab2f437eed3854c0715e653173d8321645e3b57,2020-07-07 14:18:10+03:00,javax.validation:validation-api,2.0.1.Final,${validation-api.version},TilesApplicationConfiguration.java,False,None,False,None,True,Logic changed,"Revert ""BAEL-4134""",Other
repos\tutorials,7ab2f437eed3854c0715e653173d8321645e3b57,2020-07-07 14:18:10+03:00,org.hibernate.validator:hibernate-validator,6.1.2.Final,${hibernate-validator.version},TilesApplicationConfiguration.java,False,None,False,None,True,Logic changed,"Revert ""BAEL-4134""",Other
repos\tutorials,7ab2f437eed3854c0715e653173d8321645e3b57,2020-07-07 14:18:10+03:00,javax.el:javax.el-api,3.0.0,${javax.el-api.version},TilesApplicationConfiguration.java,False,None,False,None,True,Logic changed,"Revert ""BAEL-4134""",Other
repos\tutorials,7ab2f437eed3854c0715e653173d8321645e3b57,2020-07-07 14:18:10+03:00,org.glassfish.web:javax.el,2.2.4,${javax.el.version},TilesApplicationConfiguration.java,False,None,False,None,True,Logic changed,"Revert ""BAEL-4134""",Other
repos\tutorials,7ab2f437eed3854c0715e653173d8321645e3b57,2020-07-07 14:18:10+03:00,org.springframework.data:spring-data-jpa,1.11.23.RELEASE,${spring-data-jpa.version},WebInitializer.java,False,None,False,None,False,None,"Revert ""BAEL-4134""",Other
repos\tutorials,7ab2f437eed3854c0715e653173d8321645e3b57,2020-07-07 14:18:10+03:00,org.apache.activemq:activemq-core,5.7.0,${activemq-core.version},WebInitializer.java,False,None,False,None,False,None,"Revert ""BAEL-4134""",Other
repos\tutorials,7ab2f437eed3854c0715e653173d8321645e3b57,2020-07-07 14:18:10+03:00,org.apache.derby:derby,10.8.1.2,${derby.version},WebInitializer.java,False,None,False,None,False,None,"Revert ""BAEL-4134""",Other
repos\tutorials,7ab2f437eed3854c0715e653173d8321645e3b57,2020-07-07 14:18:10+03:00,junit:junit,4.12,${junit.version},WebInitializer.java,False,None,False,None,False,None,"Revert ""BAEL-4134""",Other
repos\tutorials,7ab2f437eed3854c0715e653173d8321645e3b57,2020-07-07 14:18:10+03:00,javax.transaction:jta,1.1,${jta.version},WebInitializer.java,False,None,False,None,False,None,"Revert ""BAEL-4134""",Other
repos\tutorials,7ab2f437eed3854c0715e653173d8321645e3b57,2020-07-07 14:18:10+03:00,org.apache.geronimo.specs:geronimo-jta_1.0.1B_spec,1.0,${geronimo.version},WebInitializer.java,False,None,False,None,False,None,"Revert ""BAEL-4134""",Other
repos\tutorials,7ab2f437eed3854c0715e653173d8321645e3b57,2020-07-07 14:18:10+03:00,javax.validation:validation-api,2.0.1.Final,${validation-api.version},WebInitializer.java,False,None,False,None,False,None,"Revert ""BAEL-4134""",Other
repos\tutorials,7ab2f437eed3854c0715e653173d8321645e3b57,2020-07-07 14:18:10+03:00,org.hibernate.validator:hibernate-validator,6.1.2.Final,${hibernate-validator.version},WebInitializer.java,False,None,False,None,False,None,"Revert ""BAEL-4134""",Other
repos\tutorials,7ab2f437eed3854c0715e653173d8321645e3b57,2020-07-07 14:18:10+03:00,javax.el:javax.el-api,3.0.0,${javax.el-api.version},WebInitializer.java,False,None,False,None,False,None,"Revert ""BAEL-4134""",Other
repos\tutorials,7ab2f437eed3854c0715e653173d8321645e3b57,2020-07-07 14:18:10+03:00,org.glassfish.web:javax.el,2.2.4,${javax.el.version},WebInitializer.java,False,None,False,None,False,None,"Revert ""BAEL-4134""",Other
repos\tutorials,7ab2f437eed3854c0715e653173d8321645e3b57,2020-07-07 14:18:10+03:00,org.springframework.data:spring-data-jpa,1.11.23.RELEASE,${spring-data-jpa.version},TilesController.java,False,None,False,None,True,Logic changed,"Revert ""BAEL-4134""",Other
repos\tutorials,7ab2f437eed3854c0715e653173d8321645e3b57,2020-07-07 14:18:10+03:00,org.apache.activemq:activemq-core,5.7.0,${activemq-core.version},TilesController.java,False,None,False,None,True,Logic changed,"Revert ""BAEL-4134""",Other
repos\tutorials,7ab2f437eed3854c0715e653173d8321645e3b57,2020-07-07 14:18:10+03:00,org.apache.derby:derby,10.8.1.2,${derby.version},TilesController.java,False,None,False,None,True,Logic changed,"Revert ""BAEL-4134""",Other
repos\tutorials,7ab2f437eed3854c0715e653173d8321645e3b57,2020-07-07 14:18:10+03:00,junit:junit,4.12,${junit.version},TilesController.java,False,None,False,None,True,Logic changed,"Revert ""BAEL-4134""",Other
repos\tutorials,7ab2f437eed3854c0715e653173d8321645e3b57,2020-07-07 14:18:10+03:00,javax.transaction:jta,1.1,${jta.version},TilesController.java,False,None,False,None,True,Logic changed,"Revert ""BAEL-4134""",Other
repos\tutorials,7ab2f437eed3854c0715e653173d8321645e3b57,2020-07-07 14:18:10+03:00,org.apache.geronimo.specs:geronimo-jta_1.0.1B_spec,1.0,${geronimo.version},TilesController.java,False,None,False,None,True,Logic changed,"Revert ""BAEL-4134""",Other
repos\tutorials,7ab2f437eed3854c0715e653173d8321645e3b57,2020-07-07 14:18:10+03:00,javax.validation:validation-api,2.0.1.Final,${validation-api.version},TilesController.java,False,None,False,None,True,Logic changed,"Revert ""BAEL-4134""",Other
repos\tutorials,7ab2f437eed3854c0715e653173d8321645e3b57,2020-07-07 14:18:10+03:00,org.hibernate.validator:hibernate-validator,6.1.2.Final,${hibernate-validator.version},TilesController.java,False,None,False,None,True,Logic changed,"Revert ""BAEL-4134""",Other
repos\tutorials,7ab2f437eed3854c0715e653173d8321645e3b57,2020-07-07 14:18:10+03:00,javax.el:javax.el-api,3.0.0,${javax.el-api.version},TilesController.java,False,None,False,None,True,Logic changed,"Revert ""BAEL-4134""",Other
repos\tutorials,7ab2f437eed3854c0715e653173d8321645e3b57,2020-07-07 14:18:10+03:00,org.glassfish.web:javax.el,2.2.4,${javax.el.version},TilesController.java,False,None,False,None,True,Logic changed,"Revert ""BAEL-4134""",Other
repos\tutorials,7ab2f437eed3854c0715e653173d8321645e3b57,2020-07-07 14:18:10+03:00,org.springframework.data:spring-data-jpa,1.11.23.RELEASE,${spring-data-jpa.version},BurlapClient.java,False,None,False,None,True,Logic changed,"Revert ""BAEL-4134""",Other
repos\tutorials,7ab2f437eed3854c0715e653173d8321645e3b57,2020-07-07 14:18:10+03:00,org.apache.activemq:activemq-core,5.7.0,${activemq-core.version},BurlapClient.java,False,None,False,None,True,Logic changed,"Revert ""BAEL-4134""",Other
repos\tutorials,7ab2f437eed3854c0715e653173d8321645e3b57,2020-07-07 14:18:10+03:00,org.apache.derby:derby,10.8.1.2,${derby.version},BurlapClient.java,False,None,False,None,True,Logic changed,"Revert ""BAEL-4134""",Other
repos\tutorials,7ab2f437eed3854c0715e653173d8321645e3b57,2020-07-07 14:18:10+03:00,junit:junit,4.12,${junit.version},BurlapClient.java,False,None,False,None,True,Logic changed,"Revert ""BAEL-4134""",Other
repos\tutorials,7ab2f437eed3854c0715e653173d8321645e3b57,2020-07-07 14:18:10+03:00,javax.transaction:jta,1.1,${jta.version},BurlapClient.java,False,None,False,None,True,Logic changed,"Revert ""BAEL-4134""",Other
repos\tutorials,7ab2f437eed3854c0715e653173d8321645e3b57,2020-07-07 14:18:10+03:00,org.apache.geronimo.specs:geronimo-jta_1.0.1B_spec,1.0,${geronimo.version},BurlapClient.java,False,None,False,None,True,Logic changed,"Revert ""BAEL-4134""",Other
repos\tutorials,7ab2f437eed3854c0715e653173d8321645e3b57,2020-07-07 14:18:10+03:00,javax.validation:validation-api,2.0.1.Final,${validation-api.version},BurlapClient.java,False,None,False,None,True,Logic changed,"Revert ""BAEL-4134""",Other
repos\tutorials,7ab2f437eed3854c0715e653173d8321645e3b57,2020-07-07 14:18:10+03:00,org.hibernate.validator:hibernate-validator,6.1.2.Final,${hibernate-validator.version},BurlapClient.java,False,None,False,None,True,Logic changed,"Revert ""BAEL-4134""",Other
repos\tutorials,7ab2f437eed3854c0715e653173d8321645e3b57,2020-07-07 14:18:10+03:00,javax.el:javax.el-api,3.0.0,${javax.el-api.version},BurlapClient.java,False,None,False,None,True,Logic changed,"Revert ""BAEL-4134""",Other
repos\tutorials,7ab2f437eed3854c0715e653173d8321645e3b57,2020-07-07 14:18:10+03:00,org.glassfish.web:javax.el,2.2.4,${javax.el.version},BurlapClient.java,False,None,False,None,True,Logic changed,"Revert ""BAEL-4134""",Other
repos\tutorials,7ab2f437eed3854c0715e653173d8321645e3b57,2020-07-07 14:18:10+03:00,org.springframework.data:spring-data-jpa,1.11.23.RELEASE,${spring-data-jpa.version},HessianClient.java,False,None,False,None,True,Logic changed,"Revert ""BAEL-4134""",Other
repos\tutorials,7ab2f437eed3854c0715e653173d8321645e3b57,2020-07-07 14:18:10+03:00,org.apache.activemq:activemq-core,5.7.0,${activemq-core.version},HessianClient.java,False,None,False,None,True,Logic changed,"Revert ""BAEL-4134""",Other
repos\tutorials,7ab2f437eed3854c0715e653173d8321645e3b57,2020-07-07 14:18:10+03:00,org.apache.derby:derby,10.8.1.2,${derby.version},HessianClient.java,False,None,False,None,True,Logic changed,"Revert ""BAEL-4134""",Other
repos\tutorials,7ab2f437eed3854c0715e653173d8321645e3b57,2020-07-07 14:18:10+03:00,junit:junit,4.12,${junit.version},HessianClient.java,False,None,False,None,True,Logic changed,"Revert ""BAEL-4134""",Other
repos\tutorials,7ab2f437eed3854c0715e653173d8321645e3b57,2020-07-07 14:18:10+03:00,javax.transaction:jta,1.1,${jta.version},HessianClient.java,False,None,False,None,True,Logic changed,"Revert ""BAEL-4134""",Other
repos\tutorials,7ab2f437eed3854c0715e653173d8321645e3b57,2020-07-07 14:18:10+03:00,org.apache.geronimo.specs:geronimo-jta_1.0.1B_spec,1.0,${geronimo.version},HessianClient.java,False,None,False,None,True,Logic changed,"Revert ""BAEL-4134""",Other
repos\tutorials,7ab2f437eed3854c0715e653173d8321645e3b57,2020-07-07 14:18:10+03:00,javax.validation:validation-api,2.0.1.Final,${validation-api.version},HessianClient.java,False,None,False,None,True,Logic changed,"Revert ""BAEL-4134""",Other
repos\tutorials,7ab2f437eed3854c0715e653173d8321645e3b57,2020-07-07 14:18:10+03:00,org.hibernate.validator:hibernate-validator,6.1.2.Final,${hibernate-validator.version},HessianClient.java,False,None,False,None,True,Logic changed,"Revert ""BAEL-4134""",Other
repos\tutorials,7ab2f437eed3854c0715e653173d8321645e3b57,2020-07-07 14:18:10+03:00,javax.el:javax.el-api,3.0.0,${javax.el-api.version},HessianClient.java,False,None,False,None,True,Logic changed,"Revert ""BAEL-4134""",Other
repos\tutorials,7ab2f437eed3854c0715e653173d8321645e3b57,2020-07-07 14:18:10+03:00,org.glassfish.web:javax.el,2.2.4,${javax.el.version},HessianClient.java,False,None,False,None,True,Logic changed,"Revert ""BAEL-4134""",Other
repos\tutorials,7ab2f437eed3854c0715e653173d8321645e3b57,2020-07-07 14:18:10+03:00,org.springframework.data:spring-data-jpa,1.11.23.RELEASE,${spring-data-jpa.version},Server.java,True,"Removed: set(), Added: {'setDefaultProperties', 'singletonMap'}",False,None,True,Logic changed,"Revert ""BAEL-4134""",Other
repos\tutorials,7ab2f437eed3854c0715e653173d8321645e3b57,2020-07-07 14:18:10+03:00,org.apache.activemq:activemq-core,5.7.0,${activemq-core.version},Server.java,True,"Removed: set(), Added: {'setDefaultProperties', 'singletonMap'}",False,None,True,Logic changed,"Revert ""BAEL-4134""",Other
repos\tutorials,7ab2f437eed3854c0715e653173d8321645e3b57,2020-07-07 14:18:10+03:00,org.apache.derby:derby,10.8.1.2,${derby.version},Server.java,True,"Removed: set(), Added: {'setDefaultProperties', 'singletonMap'}",False,None,True,Logic changed,"Revert ""BAEL-4134""",Other
repos\tutorials,7ab2f437eed3854c0715e653173d8321645e3b57,2020-07-07 14:18:10+03:00,junit:junit,4.12,${junit.version},Server.java,True,"Removed: set(), Added: {'setDefaultProperties', 'singletonMap'}",False,None,True,Logic changed,"Revert ""BAEL-4134""",Other
repos\tutorials,7ab2f437eed3854c0715e653173d8321645e3b57,2020-07-07 14:18:10+03:00,javax.transaction:jta,1.1,${jta.version},Server.java,True,"Removed: set(), Added: {'setDefaultProperties', 'singletonMap'}",False,None,True,Logic changed,"Revert ""BAEL-4134""",Other
repos\tutorials,7ab2f437eed3854c0715e653173d8321645e3b57,2020-07-07 14:18:10+03:00,org.apache.geronimo.specs:geronimo-jta_1.0.1B_spec,1.0,${geronimo.version},Server.java,True,"Removed: set(), Added: {'setDefaultProperties', 'singletonMap'}",False,None,True,Logic changed,"Revert ""BAEL-4134""",Other
repos\tutorials,7ab2f437eed3854c0715e653173d8321645e3b57,2020-07-07 14:18:10+03:00,javax.validation:validation-api,2.0.1.Final,${validation-api.version},Server.java,True,"Removed: set(), Added: {'setDefaultProperties', 'singletonMap'}",False,None,True,Logic changed,"Revert ""BAEL-4134""",Other
repos\tutorials,7ab2f437eed3854c0715e653173d8321645e3b57,2020-07-07 14:18:10+03:00,org.hibernate.validator:hibernate-validator,6.1.2.Final,${hibernate-validator.version},Server.java,True,"Removed: set(), Added: {'setDefaultProperties', 'singletonMap'}",False,None,True,Logic changed,"Revert ""BAEL-4134""",Other
repos\tutorials,7ab2f437eed3854c0715e653173d8321645e3b57,2020-07-07 14:18:10+03:00,javax.el:javax.el-api,3.0.0,${javax.el-api.version},Server.java,True,"Removed: set(), Added: {'setDefaultProperties', 'singletonMap'}",False,None,True,Logic changed,"Revert ""BAEL-4134""",Other
repos\tutorials,7ab2f437eed3854c0715e653173d8321645e3b57,2020-07-07 14:18:10+03:00,org.glassfish.web:javax.el,2.2.4,${javax.el.version},Server.java,True,"Removed: set(), Added: {'setDefaultProperties', 'singletonMap'}",False,None,True,Logic changed,"Revert ""BAEL-4134""",Other
repos\tutorials,7ab2f437eed3854c0715e653173d8321645e3b57,2020-07-07 14:18:10+03:00,org.springframework.data:spring-data-jpa,1.11.23.RELEASE,${spring-data-jpa.version},FooMappingExamplesController.java,False,None,True,Removed methods: {'getFoosAsJsonFromBrowser'},True,Logic changed,"Revert ""BAEL-4134""",Other
repos\tutorials,7ab2f437eed3854c0715e653173d8321645e3b57,2020-07-07 14:18:10+03:00,org.apache.activemq:activemq-core,5.7.0,${activemq-core.version},FooMappingExamplesController.java,False,None,True,Removed methods: {'getFoosAsJsonFromBrowser'},True,Logic changed,"Revert ""BAEL-4134""",Other
repos\tutorials,7ab2f437eed3854c0715e653173d8321645e3b57,2020-07-07 14:18:10+03:00,org.apache.derby:derby,10.8.1.2,${derby.version},FooMappingExamplesController.java,False,None,True,Removed methods: {'getFoosAsJsonFromBrowser'},True,Logic changed,"Revert ""BAEL-4134""",Other
repos\tutorials,7ab2f437eed3854c0715e653173d8321645e3b57,2020-07-07 14:18:10+03:00,junit:junit,4.12,${junit.version},FooMappingExamplesController.java,False,None,True,Removed methods: {'getFoosAsJsonFromBrowser'},True,Logic changed,"Revert ""BAEL-4134""",Other
repos\tutorials,7ab2f437eed3854c0715e653173d8321645e3b57,2020-07-07 14:18:10+03:00,javax.transaction:jta,1.1,${jta.version},FooMappingExamplesController.java,False,None,True,Removed methods: {'getFoosAsJsonFromBrowser'},True,Logic changed,"Revert ""BAEL-4134""",Other
repos\tutorials,7ab2f437eed3854c0715e653173d8321645e3b57,2020-07-07 14:18:10+03:00,org.apache.geronimo.specs:geronimo-jta_1.0.1B_spec,1.0,${geronimo.version},FooMappingExamplesController.java,False,None,True,Removed methods: {'getFoosAsJsonFromBrowser'},True,Logic changed,"Revert ""BAEL-4134""",Other
repos\tutorials,7ab2f437eed3854c0715e653173d8321645e3b57,2020-07-07 14:18:10+03:00,javax.validation:validation-api,2.0.1.Final,${validation-api.version},FooMappingExamplesController.java,False,None,True,Removed methods: {'getFoosAsJsonFromBrowser'},True,Logic changed,"Revert ""BAEL-4134""",Other
repos\tutorials,7ab2f437eed3854c0715e653173d8321645e3b57,2020-07-07 14:18:10+03:00,org.hibernate.validator:hibernate-validator,6.1.2.Final,${hibernate-validator.version},FooMappingExamplesController.java,False,None,True,Removed methods: {'getFoosAsJsonFromBrowser'},True,Logic changed,"Revert ""BAEL-4134""",Other
repos\tutorials,7ab2f437eed3854c0715e653173d8321645e3b57,2020-07-07 14:18:10+03:00,javax.el:javax.el-api,3.0.0,${javax.el-api.version},FooMappingExamplesController.java,False,None,True,Removed methods: {'getFoosAsJsonFromBrowser'},True,Logic changed,"Revert ""BAEL-4134""",Other
repos\tutorials,7ab2f437eed3854c0715e653173d8321645e3b57,2020-07-07 14:18:10+03:00,org.glassfish.web:javax.el,2.2.4,${javax.el.version},FooMappingExamplesController.java,False,None,True,Removed methods: {'getFoosAsJsonFromBrowser'},True,Logic changed,"Revert ""BAEL-4134""",Other
repos\tutorials,7ab2f437eed3854c0715e653173d8321645e3b57,2020-07-07 14:18:10+03:00,org.springframework.data:spring-data-jpa,1.11.23.RELEASE,${spring-data-jpa.version},StructurizrSimple.java,True,"Removed: {'getViewWithKey'}, Added: {'getDynamicViews', 'filter', 'stream', 'getContainerViews', 'findViewWithKey', 'getKey', 'orElse', 'findFirst', 'addAll', 'getSystemContextViews', 'getDeploymentViews', 'equals', 'getComponentViews', 'getSystemLandscapeViews'}",False,None,True,Logic changed,"Revert ""BAEL-4134""",Other
repos\tutorials,7ab2f437eed3854c0715e653173d8321645e3b57,2020-07-07 14:18:10+03:00,org.apache.activemq:activemq-core,5.7.0,${activemq-core.version},StructurizrSimple.java,True,"Removed: {'getViewWithKey'}, Added: {'getDynamicViews', 'filter', 'stream', 'getContainerViews', 'findViewWithKey', 'getKey', 'orElse', 'findFirst', 'addAll', 'getSystemContextViews', 'getDeploymentViews', 'equals', 'getComponentViews', 'getSystemLandscapeViews'}",False,None,True,Logic changed,"Revert ""BAEL-4134""",Other
repos\tutorials,7ab2f437eed3854c0715e653173d8321645e3b57,2020-07-07 14:18:10+03:00,org.apache.derby:derby,10.8.1.2,${derby.version},StructurizrSimple.java,True,"Removed: {'getViewWithKey'}, Added: {'getDynamicViews', 'filter', 'stream', 'getContainerViews', 'findViewWithKey', 'getKey', 'orElse', 'findFirst', 'addAll', 'getSystemContextViews', 'getDeploymentViews', 'equals', 'getComponentViews', 'getSystemLandscapeViews'}",False,None,True,Logic changed,"Revert ""BAEL-4134""",Other
repos\tutorials,7ab2f437eed3854c0715e653173d8321645e3b57,2020-07-07 14:18:10+03:00,junit:junit,4.12,${junit.version},StructurizrSimple.java,True,"Removed: {'getViewWithKey'}, Added: {'getDynamicViews', 'filter', 'stream', 'getContainerViews', 'findViewWithKey', 'getKey', 'orElse', 'findFirst', 'addAll', 'getSystemContextViews', 'getDeploymentViews', 'equals', 'getComponentViews', 'getSystemLandscapeViews'}",False,None,True,Logic changed,"Revert ""BAEL-4134""",Other
repos\tutorials,7ab2f437eed3854c0715e653173d8321645e3b57,2020-07-07 14:18:10+03:00,javax.transaction:jta,1.1,${jta.version},StructurizrSimple.java,True,"Removed: {'getViewWithKey'}, Added: {'getDynamicViews', 'filter', 'stream', 'getContainerViews', 'findViewWithKey', 'getKey', 'orElse', 'findFirst', 'addAll', 'getSystemContextViews', 'getDeploymentViews', 'equals', 'getComponentViews', 'getSystemLandscapeViews'}",False,None,True,Logic changed,"Revert ""BAEL-4134""",Other
repos\tutorials,7ab2f437eed3854c0715e653173d8321645e3b57,2020-07-07 14:18:10+03:00,org.apache.geronimo.specs:geronimo-jta_1.0.1B_spec,1.0,${geronimo.version},StructurizrSimple.java,True,"Removed: {'getViewWithKey'}, Added: {'getDynamicViews', 'filter', 'stream', 'getContainerViews', 'findViewWithKey', 'getKey', 'orElse', 'findFirst', 'addAll', 'getSystemContextViews', 'getDeploymentViews', 'equals', 'getComponentViews', 'getSystemLandscapeViews'}",False,None,True,Logic changed,"Revert ""BAEL-4134""",Other
repos\tutorials,7ab2f437eed3854c0715e653173d8321645e3b57,2020-07-07 14:18:10+03:00,javax.validation:validation-api,2.0.1.Final,${validation-api.version},StructurizrSimple.java,True,"Removed: {'getViewWithKey'}, Added: {'getDynamicViews', 'filter', 'stream', 'getContainerViews', 'findViewWithKey', 'getKey', 'orElse', 'findFirst', 'addAll', 'getSystemContextViews', 'getDeploymentViews', 'equals', 'getComponentViews', 'getSystemLandscapeViews'}",False,None,True,Logic changed,"Revert ""BAEL-4134""",Other
repos\tutorials,7ab2f437eed3854c0715e653173d8321645e3b57,2020-07-07 14:18:10+03:00,org.hibernate.validator:hibernate-validator,6.1.2.Final,${hibernate-validator.version},StructurizrSimple.java,True,"Removed: {'getViewWithKey'}, Added: {'getDynamicViews', 'filter', 'stream', 'getContainerViews', 'findViewWithKey', 'getKey', 'orElse', 'findFirst', 'addAll', 'getSystemContextViews', 'getDeploymentViews', 'equals', 'getComponentViews', 'getSystemLandscapeViews'}",False,None,True,Logic changed,"Revert ""BAEL-4134""",Other
repos\tutorials,7ab2f437eed3854c0715e653173d8321645e3b57,2020-07-07 14:18:10+03:00,javax.el:javax.el-api,3.0.0,${javax.el-api.version},StructurizrSimple.java,True,"Removed: {'getViewWithKey'}, Added: {'getDynamicViews', 'filter', 'stream', 'getContainerViews', 'findViewWithKey', 'getKey', 'orElse', 'findFirst', 'addAll', 'getSystemContextViews', 'getDeploymentViews', 'equals', 'getComponentViews', 'getSystemLandscapeViews'}",False,None,True,Logic changed,"Revert ""BAEL-4134""",Other
repos\tutorials,7ab2f437eed3854c0715e653173d8321645e3b57,2020-07-07 14:18:10+03:00,org.glassfish.web:javax.el,2.2.4,${javax.el.version},StructurizrSimple.java,True,"Removed: {'getViewWithKey'}, Added: {'getDynamicViews', 'filter', 'stream', 'getContainerViews', 'findViewWithKey', 'getKey', 'orElse', 'findFirst', 'addAll', 'getSystemContextViews', 'getDeploymentViews', 'equals', 'getComponentViews', 'getSystemLandscapeViews'}",False,None,True,Logic changed,"Revert ""BAEL-4134""",Other
repos\tutorials,7ab2f437eed3854c0715e653173d8321645e3b57,2020-07-07 14:18:10+03:00,org.springframework.data:spring-data-jpa,1.11.23.RELEASE,${spring-data-jpa.version},SeleniumExample.java,True,"Removed: {'isDisplayed', 'cssSelector', 'build'}, Added: {'contains', 'id', 'getPageSource'}",False,None,True,Logic changed,"Revert ""BAEL-4134""",Other
repos\tutorials,7ab2f437eed3854c0715e653173d8321645e3b57,2020-07-07 14:18:10+03:00,org.apache.activemq:activemq-core,5.7.0,${activemq-core.version},SeleniumExample.java,True,"Removed: {'isDisplayed', 'cssSelector', 'build'}, Added: {'contains', 'id', 'getPageSource'}",False,None,True,Logic changed,"Revert ""BAEL-4134""",Other
repos\tutorials,7ab2f437eed3854c0715e653173d8321645e3b57,2020-07-07 14:18:10+03:00,org.apache.derby:derby,10.8.1.2,${derby.version},SeleniumExample.java,True,"Removed: {'isDisplayed', 'cssSelector', 'build'}, Added: {'contains', 'id', 'getPageSource'}",False,None,True,Logic changed,"Revert ""BAEL-4134""",Other
repos\tutorials,7ab2f437eed3854c0715e653173d8321645e3b57,2020-07-07 14:18:10+03:00,junit:junit,4.12,${junit.version},SeleniumExample.java,True,"Removed: {'isDisplayed', 'cssSelector', 'build'}, Added: {'contains', 'id', 'getPageSource'}",False,None,True,Logic changed,"Revert ""BAEL-4134""",Other
repos\tutorials,7ab2f437eed3854c0715e653173d8321645e3b57,2020-07-07 14:18:10+03:00,javax.transaction:jta,1.1,${jta.version},SeleniumExample.java,True,"Removed: {'isDisplayed', 'cssSelector', 'build'}, Added: {'contains', 'id', 'getPageSource'}",False,None,True,Logic changed,"Revert ""BAEL-4134""",Other
repos\tutorials,7ab2f437eed3854c0715e653173d8321645e3b57,2020-07-07 14:18:10+03:00,org.apache.geronimo.specs:geronimo-jta_1.0.1B_spec,1.0,${geronimo.version},SeleniumExample.java,True,"Removed: {'isDisplayed', 'cssSelector', 'build'}, Added: {'contains', 'id', 'getPageSource'}",False,None,True,Logic changed,"Revert ""BAEL-4134""",Other
repos\tutorials,7ab2f437eed3854c0715e653173d8321645e3b57,2020-07-07 14:18:10+03:00,javax.validation:validation-api,2.0.1.Final,${validation-api.version},SeleniumExample.java,True,"Removed: {'isDisplayed', 'cssSelector', 'build'}, Added: {'contains', 'id', 'getPageSource'}",False,None,True,Logic changed,"Revert ""BAEL-4134""",Other
repos\tutorials,7ab2f437eed3854c0715e653173d8321645e3b57,2020-07-07 14:18:10+03:00,org.hibernate.validator:hibernate-validator,6.1.2.Final,${hibernate-validator.version},SeleniumExample.java,True,"Removed: {'isDisplayed', 'cssSelector', 'build'}, Added: {'contains', 'id', 'getPageSource'}",False,None,True,Logic changed,"Revert ""BAEL-4134""",Other
repos\tutorials,7ab2f437eed3854c0715e653173d8321645e3b57,2020-07-07 14:18:10+03:00,javax.el:javax.el-api,3.0.0,${javax.el-api.version},SeleniumExample.java,True,"Removed: {'isDisplayed', 'cssSelector', 'build'}, Added: {'contains', 'id', 'getPageSource'}",False,None,True,Logic changed,"Revert ""BAEL-4134""",Other
repos\tutorials,7ab2f437eed3854c0715e653173d8321645e3b57,2020-07-07 14:18:10+03:00,org.glassfish.web:javax.el,2.2.4,${javax.el.version},SeleniumExample.java,True,"Removed: {'isDisplayed', 'cssSelector', 'build'}, Added: {'contains', 'id', 'getPageSource'}",False,None,True,Logic changed,"Revert ""BAEL-4134""",Other
repos\tutorials,7ab2f437eed3854c0715e653173d8321645e3b57,2020-07-07 14:18:10+03:00,org.springframework.data:spring-data-jpa,1.11.23.RELEASE,${spring-data-jpa.version},SeleniumConfig.java,False,None,False,None,True,Logic changed,"Revert ""BAEL-4134""",Other
repos\tutorials,7ab2f437eed3854c0715e653173d8321645e3b57,2020-07-07 14:18:10+03:00,org.apache.activemq:activemq-core,5.7.0,${activemq-core.version},SeleniumConfig.java,False,None,False,None,True,Logic changed,"Revert ""BAEL-4134""",Other
repos\tutorials,7ab2f437eed3854c0715e653173d8321645e3b57,2020-07-07 14:18:10+03:00,org.apache.derby:derby,10.8.1.2,${derby.version},SeleniumConfig.java,False,None,False,None,True,Logic changed,"Revert ""BAEL-4134""",Other
repos\tutorials,7ab2f437eed3854c0715e653173d8321645e3b57,2020-07-07 14:18:10+03:00,junit:junit,4.12,${junit.version},SeleniumConfig.java,False,None,False,None,True,Logic changed,"Revert ""BAEL-4134""",Other
repos\tutorials,7ab2f437eed3854c0715e653173d8321645e3b57,2020-07-07 14:18:10+03:00,javax.transaction:jta,1.1,${jta.version},SeleniumConfig.java,False,None,False,None,True,Logic changed,"Revert ""BAEL-4134""",Other
repos\tutorials,7ab2f437eed3854c0715e653173d8321645e3b57,2020-07-07 14:18:10+03:00,org.apache.geronimo.specs:geronimo-jta_1.0.1B_spec,1.0,${geronimo.version},SeleniumConfig.java,False,None,False,None,True,Logic changed,"Revert ""BAEL-4134""",Other
repos\tutorials,7ab2f437eed3854c0715e653173d8321645e3b57,2020-07-07 14:18:10+03:00,javax.validation:validation-api,2.0.1.Final,${validation-api.version},SeleniumConfig.java,False,None,False,None,True,Logic changed,"Revert ""BAEL-4134""",Other
repos\tutorials,7ab2f437eed3854c0715e653173d8321645e3b57,2020-07-07 14:18:10+03:00,org.hibernate.validator:hibernate-validator,6.1.2.Final,${hibernate-validator.version},SeleniumConfig.java,False,None,False,None,True,Logic changed,"Revert ""BAEL-4134""",Other
repos\tutorials,7ab2f437eed3854c0715e653173d8321645e3b57,2020-07-07 14:18:10+03:00,javax.el:javax.el-api,3.0.0,${javax.el-api.version},SeleniumConfig.java,False,None,False,None,True,Logic changed,"Revert ""BAEL-4134""",Other
repos\tutorials,7ab2f437eed3854c0715e653173d8321645e3b57,2020-07-07 14:18:10+03:00,org.glassfish.web:javax.el,2.2.4,${javax.el.version},SeleniumConfig.java,False,None,False,None,True,Logic changed,"Revert ""BAEL-4134""",Other
repos\tutorials,7ab2f437eed3854c0715e653173d8321645e3b57,2020-07-07 14:18:10+03:00,org.springframework.data:spring-data-jpa,1.11.23.RELEASE,${spring-data-jpa.version},BaeldungAbout.java,False,None,False,None,True,Logic changed,"Revert ""BAEL-4134""",Other
repos\tutorials,7ab2f437eed3854c0715e653173d8321645e3b57,2020-07-07 14:18:10+03:00,org.apache.activemq:activemq-core,5.7.0,${activemq-core.version},BaeldungAbout.java,False,None,False,None,True,Logic changed,"Revert ""BAEL-4134""",Other
repos\tutorials,7ab2f437eed3854c0715e653173d8321645e3b57,2020-07-07 14:18:10+03:00,org.apache.derby:derby,10.8.1.2,${derby.version},BaeldungAbout.java,False,None,False,None,True,Logic changed,"Revert ""BAEL-4134""",Other
repos\tutorials,7ab2f437eed3854c0715e653173d8321645e3b57,2020-07-07 14:18:10+03:00,junit:junit,4.12,${junit.version},BaeldungAbout.java,False,None,False,None,True,Logic changed,"Revert ""BAEL-4134""",Other
repos\tutorials,7ab2f437eed3854c0715e653173d8321645e3b57,2020-07-07 14:18:10+03:00,javax.transaction:jta,1.1,${jta.version},BaeldungAbout.java,False,None,False,None,True,Logic changed,"Revert ""BAEL-4134""",Other
repos\tutorials,7ab2f437eed3854c0715e653173d8321645e3b57,2020-07-07 14:18:10+03:00,org.apache.geronimo.specs:geronimo-jta_1.0.1B_spec,1.0,${geronimo.version},BaeldungAbout.java,False,None,False,None,True,Logic changed,"Revert ""BAEL-4134""",Other
repos\tutorials,7ab2f437eed3854c0715e653173d8321645e3b57,2020-07-07 14:18:10+03:00,javax.validation:validation-api,2.0.1.Final,${validation-api.version},BaeldungAbout.java,False,None,False,None,True,Logic changed,"Revert ""BAEL-4134""",Other
repos\tutorials,7ab2f437eed3854c0715e653173d8321645e3b57,2020-07-07 14:18:10+03:00,org.hibernate.validator:hibernate-validator,6.1.2.Final,${hibernate-validator.version},BaeldungAbout.java,False,None,False,None,True,Logic changed,"Revert ""BAEL-4134""",Other
repos\tutorials,7ab2f437eed3854c0715e653173d8321645e3b57,2020-07-07 14:18:10+03:00,javax.el:javax.el-api,3.0.0,${javax.el-api.version},BaeldungAbout.java,False,None,False,None,True,Logic changed,"Revert ""BAEL-4134""",Other
repos\tutorials,7ab2f437eed3854c0715e653173d8321645e3b57,2020-07-07 14:18:10+03:00,org.glassfish.web:javax.el,2.2.4,${javax.el.version},BaeldungAbout.java,False,None,False,None,True,Logic changed,"Revert ""BAEL-4134""",Other
repos\tutorials,7ab2f437eed3854c0715e653173d8321645e3b57,2020-07-07 14:18:10+03:00,org.springframework.data:spring-data-jpa,1.11.23.RELEASE,${spring-data-jpa.version},BaeldungAboutPage.java,False,None,False,None,True,Logic changed,"Revert ""BAEL-4134""",Other
repos\tutorials,7ab2f437eed3854c0715e653173d8321645e3b57,2020-07-07 14:18:10+03:00,org.apache.activemq:activemq-core,5.7.0,${activemq-core.version},BaeldungAboutPage.java,False,None,False,None,True,Logic changed,"Revert ""BAEL-4134""",Other
repos\tutorials,7ab2f437eed3854c0715e653173d8321645e3b57,2020-07-07 14:18:10+03:00,org.apache.derby:derby,10.8.1.2,${derby.version},BaeldungAboutPage.java,False,None,False,None,True,Logic changed,"Revert ""BAEL-4134""",Other
repos\tutorials,7ab2f437eed3854c0715e653173d8321645e3b57,2020-07-07 14:18:10+03:00,junit:junit,4.12,${junit.version},BaeldungAboutPage.java,False,None,False,None,True,Logic changed,"Revert ""BAEL-4134""",Other
repos\tutorials,7ab2f437eed3854c0715e653173d8321645e3b57,2020-07-07 14:18:10+03:00,javax.transaction:jta,1.1,${jta.version},BaeldungAboutPage.java,False,None,False,None,True,Logic changed,"Revert ""BAEL-4134""",Other
repos\tutorials,7ab2f437eed3854c0715e653173d8321645e3b57,2020-07-07 14:18:10+03:00,org.apache.geronimo.specs:geronimo-jta_1.0.1B_spec,1.0,${geronimo.version},BaeldungAboutPage.java,False,None,False,None,True,Logic changed,"Revert ""BAEL-4134""",Other
repos\tutorials,7ab2f437eed3854c0715e653173d8321645e3b57,2020-07-07 14:18:10+03:00,javax.validation:validation-api,2.0.1.Final,${validation-api.version},BaeldungAboutPage.java,False,None,False,None,True,Logic changed,"Revert ""BAEL-4134""",Other
repos\tutorials,7ab2f437eed3854c0715e653173d8321645e3b57,2020-07-07 14:18:10+03:00,org.hibernate.validator:hibernate-validator,6.1.2.Final,${hibernate-validator.version},BaeldungAboutPage.java,False,None,False,None,True,Logic changed,"Revert ""BAEL-4134""",Other
repos\tutorials,7ab2f437eed3854c0715e653173d8321645e3b57,2020-07-07 14:18:10+03:00,javax.el:javax.el-api,3.0.0,${javax.el-api.version},BaeldungAboutPage.java,False,None,False,None,True,Logic changed,"Revert ""BAEL-4134""",Other
repos\tutorials,7ab2f437eed3854c0715e653173d8321645e3b57,2020-07-07 14:18:10+03:00,org.glassfish.web:javax.el,2.2.4,${javax.el.version},BaeldungAboutPage.java,False,None,False,None,True,Logic changed,"Revert ""BAEL-4134""",Other
repos\tutorials,7ab2f437eed3854c0715e653173d8321645e3b57,2020-07-07 14:18:10+03:00,org.springframework.data:spring-data-jpa,1.11.23.RELEASE,${spring-data-jpa.version},BaeldungHomePage.java,False,None,False,None,True,Logic changed,"Revert ""BAEL-4134""",Other
repos\tutorials,7ab2f437eed3854c0715e653173d8321645e3b57,2020-07-07 14:18:10+03:00,org.apache.activemq:activemq-core,5.7.0,${activemq-core.version},BaeldungHomePage.java,False,None,False,None,True,Logic changed,"Revert ""BAEL-4134""",Other
repos\tutorials,7ab2f437eed3854c0715e653173d8321645e3b57,2020-07-07 14:18:10+03:00,org.apache.derby:derby,10.8.1.2,${derby.version},BaeldungHomePage.java,False,None,False,None,True,Logic changed,"Revert ""BAEL-4134""",Other
repos\tutorials,7ab2f437eed3854c0715e653173d8321645e3b57,2020-07-07 14:18:10+03:00,junit:junit,4.12,${junit.version},BaeldungHomePage.java,False,None,False,None,True,Logic changed,"Revert ""BAEL-4134""",Other
repos\tutorials,7ab2f437eed3854c0715e653173d8321645e3b57,2020-07-07 14:18:10+03:00,javax.transaction:jta,1.1,${jta.version},BaeldungHomePage.java,False,None,False,None,True,Logic changed,"Revert ""BAEL-4134""",Other
repos\tutorials,7ab2f437eed3854c0715e653173d8321645e3b57,2020-07-07 14:18:10+03:00,org.apache.geronimo.specs:geronimo-jta_1.0.1B_spec,1.0,${geronimo.version},BaeldungHomePage.java,False,None,False,None,True,Logic changed,"Revert ""BAEL-4134""",Other
repos\tutorials,7ab2f437eed3854c0715e653173d8321645e3b57,2020-07-07 14:18:10+03:00,javax.validation:validation-api,2.0.1.Final,${validation-api.version},BaeldungHomePage.java,False,None,False,None,True,Logic changed,"Revert ""BAEL-4134""",Other
repos\tutorials,7ab2f437eed3854c0715e653173d8321645e3b57,2020-07-07 14:18:10+03:00,org.hibernate.validator:hibernate-validator,6.1.2.Final,${hibernate-validator.version},BaeldungHomePage.java,False,None,False,None,True,Logic changed,"Revert ""BAEL-4134""",Other
repos\tutorials,7ab2f437eed3854c0715e653173d8321645e3b57,2020-07-07 14:18:10+03:00,javax.el:javax.el-api,3.0.0,${javax.el-api.version},BaeldungHomePage.java,False,None,False,None,True,Logic changed,"Revert ""BAEL-4134""",Other
repos\tutorials,7ab2f437eed3854c0715e653173d8321645e3b57,2020-07-07 14:18:10+03:00,org.glassfish.web:javax.el,2.2.4,${javax.el.version},BaeldungHomePage.java,False,None,False,None,True,Logic changed,"Revert ""BAEL-4134""",Other
repos\tutorials,7ab2f437eed3854c0715e653173d8321645e3b57,2020-07-07 14:18:10+03:00,org.springframework.data:spring-data-jpa,1.11.23.RELEASE,${spring-data-jpa.version},StartHerePage.java,False,None,False,None,True,Logic changed,"Revert ""BAEL-4134""",Other
repos\tutorials,7ab2f437eed3854c0715e653173d8321645e3b57,2020-07-07 14:18:10+03:00,org.apache.activemq:activemq-core,5.7.0,${activemq-core.version},StartHerePage.java,False,None,False,None,True,Logic changed,"Revert ""BAEL-4134""",Other
repos\tutorials,7ab2f437eed3854c0715e653173d8321645e3b57,2020-07-07 14:18:10+03:00,org.apache.derby:derby,10.8.1.2,${derby.version},StartHerePage.java,False,None,False,None,True,Logic changed,"Revert ""BAEL-4134""",Other
repos\tutorials,7ab2f437eed3854c0715e653173d8321645e3b57,2020-07-07 14:18:10+03:00,junit:junit,4.12,${junit.version},StartHerePage.java,False,None,False,None,True,Logic changed,"Revert ""BAEL-4134""",Other
repos\tutorials,7ab2f437eed3854c0715e653173d8321645e3b57,2020-07-07 14:18:10+03:00,javax.transaction:jta,1.1,${jta.version},StartHerePage.java,False,None,False,None,True,Logic changed,"Revert ""BAEL-4134""",Other
repos\tutorials,7ab2f437eed3854c0715e653173d8321645e3b57,2020-07-07 14:18:10+03:00,org.apache.geronimo.specs:geronimo-jta_1.0.1B_spec,1.0,${geronimo.version},StartHerePage.java,False,None,False,None,True,Logic changed,"Revert ""BAEL-4134""",Other
repos\tutorials,7ab2f437eed3854c0715e653173d8321645e3b57,2020-07-07 14:18:10+03:00,javax.validation:validation-api,2.0.1.Final,${validation-api.version},StartHerePage.java,False,None,False,None,True,Logic changed,"Revert ""BAEL-4134""",Other
repos\tutorials,7ab2f437eed3854c0715e653173d8321645e3b57,2020-07-07 14:18:10+03:00,org.hibernate.validator:hibernate-validator,6.1.2.Final,${hibernate-validator.version},StartHerePage.java,False,None,False,None,True,Logic changed,"Revert ""BAEL-4134""",Other
repos\tutorials,7ab2f437eed3854c0715e653173d8321645e3b57,2020-07-07 14:18:10+03:00,javax.el:javax.el-api,3.0.0,${javax.el-api.version},StartHerePage.java,False,None,False,None,True,Logic changed,"Revert ""BAEL-4134""",Other
repos\tutorials,7ab2f437eed3854c0715e653173d8321645e3b57,2020-07-07 14:18:10+03:00,org.glassfish.web:javax.el,2.2.4,${javax.el.version},StartHerePage.java,False,None,False,None,True,Logic changed,"Revert ""BAEL-4134""",Other
repos\tutorials,7ab2f437eed3854c0715e653173d8321645e3b57,2020-07-07 14:18:10+03:00,org.springframework.data:spring-data-jpa,1.11.23.RELEASE,${spring-data-jpa.version},SeleniumJavaScriptClickLiveTest.java,True,"Removed: set(), Added: {'cssSelector', 'getAbsolutePath', 'presenceOfAllElementsLocatedBy'}",False,None,True,Logic changed,"Revert ""BAEL-4134""",Other
repos\tutorials,7ab2f437eed3854c0715e653173d8321645e3b57,2020-07-07 14:18:10+03:00,org.apache.activemq:activemq-core,5.7.0,${activemq-core.version},SeleniumJavaScriptClickLiveTest.java,True,"Removed: set(), Added: {'cssSelector', 'getAbsolutePath', 'presenceOfAllElementsLocatedBy'}",False,None,True,Logic changed,"Revert ""BAEL-4134""",Other
repos\tutorials,7ab2f437eed3854c0715e653173d8321645e3b57,2020-07-07 14:18:10+03:00,org.apache.derby:derby,10.8.1.2,${derby.version},SeleniumJavaScriptClickLiveTest.java,True,"Removed: set(), Added: {'cssSelector', 'getAbsolutePath', 'presenceOfAllElementsLocatedBy'}",False,None,True,Logic changed,"Revert ""BAEL-4134""",Other
repos\tutorials,7ab2f437eed3854c0715e653173d8321645e3b57,2020-07-07 14:18:10+03:00,junit:junit,4.12,${junit.version},SeleniumJavaScriptClickLiveTest.java,True,"Removed: set(), Added: {'cssSelector', 'getAbsolutePath', 'presenceOfAllElementsLocatedBy'}",False,None,True,Logic changed,"Revert ""BAEL-4134""",Other
repos\tutorials,7ab2f437eed3854c0715e653173d8321645e3b57,2020-07-07 14:18:10+03:00,javax.transaction:jta,1.1,${jta.version},SeleniumJavaScriptClickLiveTest.java,True,"Removed: set(), Added: {'cssSelector', 'getAbsolutePath', 'presenceOfAllElementsLocatedBy'}",False,None,True,Logic changed,"Revert ""BAEL-4134""",Other
repos\tutorials,7ab2f437eed3854c0715e653173d8321645e3b57,2020-07-07 14:18:10+03:00,org.apache.geronimo.specs:geronimo-jta_1.0.1B_spec,1.0,${geronimo.version},SeleniumJavaScriptClickLiveTest.java,True,"Removed: set(), Added: {'cssSelector', 'getAbsolutePath', 'presenceOfAllElementsLocatedBy'}",False,None,True,Logic changed,"Revert ""BAEL-4134""",Other
repos\tutorials,7ab2f437eed3854c0715e653173d8321645e3b57,2020-07-07 14:18:10+03:00,javax.validation:validation-api,2.0.1.Final,${validation-api.version},SeleniumJavaScriptClickLiveTest.java,True,"Removed: set(), Added: {'cssSelector', 'getAbsolutePath', 'presenceOfAllElementsLocatedBy'}",False,None,True,Logic changed,"Revert ""BAEL-4134""",Other
repos\tutorials,7ab2f437eed3854c0715e653173d8321645e3b57,2020-07-07 14:18:10+03:00,org.hibernate.validator:hibernate-validator,6.1.2.Final,${hibernate-validator.version},SeleniumJavaScriptClickLiveTest.java,True,"Removed: set(), Added: {'cssSelector', 'getAbsolutePath', 'presenceOfAllElementsLocatedBy'}",False,None,True,Logic changed,"Revert ""BAEL-4134""",Other
repos\tutorials,7ab2f437eed3854c0715e653173d8321645e3b57,2020-07-07 14:18:10+03:00,javax.el:javax.el-api,3.0.0,${javax.el-api.version},SeleniumJavaScriptClickLiveTest.java,True,"Removed: set(), Added: {'cssSelector', 'getAbsolutePath', 'presenceOfAllElementsLocatedBy'}",False,None,True,Logic changed,"Revert ""BAEL-4134""",Other
repos\tutorials,7ab2f437eed3854c0715e653173d8321645e3b57,2020-07-07 14:18:10+03:00,org.glassfish.web:javax.el,2.2.4,${javax.el.version},SeleniumJavaScriptClickLiveTest.java,True,"Removed: set(), Added: {'cssSelector', 'getAbsolutePath', 'presenceOfAllElementsLocatedBy'}",False,None,True,Logic changed,"Revert ""BAEL-4134""",Other
repos\tutorials,7ab2f437eed3854c0715e653173d8321645e3b57,2020-07-07 14:18:10+03:00,org.springframework.data:spring-data-jpa,1.11.23.RELEASE,${spring-data-jpa.version},SeleniumCookiesJUnitLiveTest.java,True,"Removed: set(), Added: {'findFile', 'exists'}",False,None,True,Logic changed,"Revert ""BAEL-4134""",Other
repos\tutorials,7ab2f437eed3854c0715e653173d8321645e3b57,2020-07-07 14:18:10+03:00,org.apache.activemq:activemq-core,5.7.0,${activemq-core.version},SeleniumCookiesJUnitLiveTest.java,True,"Removed: set(), Added: {'findFile', 'exists'}",False,None,True,Logic changed,"Revert ""BAEL-4134""",Other
repos\tutorials,7ab2f437eed3854c0715e653173d8321645e3b57,2020-07-07 14:18:10+03:00,org.apache.derby:derby,10.8.1.2,${derby.version},SeleniumCookiesJUnitLiveTest.java,True,"Removed: set(), Added: {'findFile', 'exists'}",False,None,True,Logic changed,"Revert ""BAEL-4134""",Other
repos\tutorials,7ab2f437eed3854c0715e653173d8321645e3b57,2020-07-07 14:18:10+03:00,junit:junit,4.12,${junit.version},SeleniumCookiesJUnitLiveTest.java,True,"Removed: set(), Added: {'findFile', 'exists'}",False,None,True,Logic changed,"Revert ""BAEL-4134""",Other
repos\tutorials,7ab2f437eed3854c0715e653173d8321645e3b57,2020-07-07 14:18:10+03:00,javax.transaction:jta,1.1,${jta.version},SeleniumCookiesJUnitLiveTest.java,True,"Removed: set(), Added: {'findFile', 'exists'}",False,None,True,Logic changed,"Revert ""BAEL-4134""",Other
repos\tutorials,7ab2f437eed3854c0715e653173d8321645e3b57,2020-07-07 14:18:10+03:00,org.apache.geronimo.specs:geronimo-jta_1.0.1B_spec,1.0,${geronimo.version},SeleniumCookiesJUnitLiveTest.java,True,"Removed: set(), Added: {'findFile', 'exists'}",False,None,True,Logic changed,"Revert ""BAEL-4134""",Other
repos\tutorials,7ab2f437eed3854c0715e653173d8321645e3b57,2020-07-07 14:18:10+03:00,javax.validation:validation-api,2.0.1.Final,${validation-api.version},SeleniumCookiesJUnitLiveTest.java,True,"Removed: set(), Added: {'findFile', 'exists'}",False,None,True,Logic changed,"Revert ""BAEL-4134""",Other
repos\tutorials,7ab2f437eed3854c0715e653173d8321645e3b57,2020-07-07 14:18:10+03:00,org.hibernate.validator:hibernate-validator,6.1.2.Final,${hibernate-validator.version},SeleniumCookiesJUnitLiveTest.java,True,"Removed: set(), Added: {'findFile', 'exists'}",False,None,True,Logic changed,"Revert ""BAEL-4134""",Other
repos\tutorials,7ab2f437eed3854c0715e653173d8321645e3b57,2020-07-07 14:18:10+03:00,javax.el:javax.el-api,3.0.0,${javax.el-api.version},SeleniumCookiesJUnitLiveTest.java,True,"Removed: set(), Added: {'findFile', 'exists'}",False,None,True,Logic changed,"Revert ""BAEL-4134""",Other
repos\tutorials,7ab2f437eed3854c0715e653173d8321645e3b57,2020-07-07 14:18:10+03:00,org.glassfish.web:javax.el,2.2.4,${javax.el.version},SeleniumCookiesJUnitLiveTest.java,True,"Removed: set(), Added: {'findFile', 'exists'}",False,None,True,Logic changed,"Revert ""BAEL-4134""",Other
repos\tutorials,7ab2f437eed3854c0715e653173d8321645e3b57,2020-07-07 14:18:10+03:00,org.springframework.data:spring-data-jpa,1.11.23.RELEASE,${spring-data-jpa.version},SeleniumWithJUnitLiveTest.java,False,None,False,None,True,Logic changed,"Revert ""BAEL-4134""",Other
repos\tutorials,7ab2f437eed3854c0715e653173d8321645e3b57,2020-07-07 14:18:10+03:00,org.apache.activemq:activemq-core,5.7.0,${activemq-core.version},SeleniumWithJUnitLiveTest.java,False,None,False,None,True,Logic changed,"Revert ""BAEL-4134""",Other
repos\tutorials,7ab2f437eed3854c0715e653173d8321645e3b57,2020-07-07 14:18:10+03:00,org.apache.derby:derby,10.8.1.2,${derby.version},SeleniumWithJUnitLiveTest.java,False,None,False,None,True,Logic changed,"Revert ""BAEL-4134""",Other
repos\tutorials,7ab2f437eed3854c0715e653173d8321645e3b57,2020-07-07 14:18:10+03:00,junit:junit,4.12,${junit.version},SeleniumWithJUnitLiveTest.java,False,None,False,None,True,Logic changed,"Revert ""BAEL-4134""",Other
repos\tutorials,7ab2f437eed3854c0715e653173d8321645e3b57,2020-07-07 14:18:10+03:00,javax.transaction:jta,1.1,${jta.version},SeleniumWithJUnitLiveTest.java,False,None,False,None,True,Logic changed,"Revert ""BAEL-4134""",Other
repos\tutorials,7ab2f437eed3854c0715e653173d8321645e3b57,2020-07-07 14:18:10+03:00,org.apache.geronimo.specs:geronimo-jta_1.0.1B_spec,1.0,${geronimo.version},SeleniumWithJUnitLiveTest.java,False,None,False,None,True,Logic changed,"Revert ""BAEL-4134""",Other
repos\tutorials,7ab2f437eed3854c0715e653173d8321645e3b57,2020-07-07 14:18:10+03:00,javax.validation:validation-api,2.0.1.Final,${validation-api.version},SeleniumWithJUnitLiveTest.java,False,None,False,None,True,Logic changed,"Revert ""BAEL-4134""",Other
repos\tutorials,7ab2f437eed3854c0715e653173d8321645e3b57,2020-07-07 14:18:10+03:00,org.hibernate.validator:hibernate-validator,6.1.2.Final,${hibernate-validator.version},SeleniumWithJUnitLiveTest.java,False,None,False,None,True,Logic changed,"Revert ""BAEL-4134""",Other
repos\tutorials,7ab2f437eed3854c0715e653173d8321645e3b57,2020-07-07 14:18:10+03:00,javax.el:javax.el-api,3.0.0,${javax.el-api.version},SeleniumWithJUnitLiveTest.java,False,None,False,None,True,Logic changed,"Revert ""BAEL-4134""",Other
repos\tutorials,7ab2f437eed3854c0715e653173d8321645e3b57,2020-07-07 14:18:10+03:00,org.glassfish.web:javax.el,2.2.4,${javax.el.version},SeleniumWithJUnitLiveTest.java,False,None,False,None,True,Logic changed,"Revert ""BAEL-4134""",Other
repos\tutorials,7ab2f437eed3854c0715e653173d8321645e3b57,2020-07-07 14:18:10+03:00,org.springframework.data:spring-data-jpa,1.11.23.RELEASE,${spring-data-jpa.version},SeleniumPageObjectLiveTest.java,False,None,False,None,True,Logic changed,"Revert ""BAEL-4134""",Other
repos\tutorials,7ab2f437eed3854c0715e653173d8321645e3b57,2020-07-07 14:18:10+03:00,org.apache.activemq:activemq-core,5.7.0,${activemq-core.version},SeleniumPageObjectLiveTest.java,False,None,False,None,True,Logic changed,"Revert ""BAEL-4134""",Other
repos\tutorials,7ab2f437eed3854c0715e653173d8321645e3b57,2020-07-07 14:18:10+03:00,org.apache.derby:derby,10.8.1.2,${derby.version},SeleniumPageObjectLiveTest.java,False,None,False,None,True,Logic changed,"Revert ""BAEL-4134""",Other
repos\tutorials,7ab2f437eed3854c0715e653173d8321645e3b57,2020-07-07 14:18:10+03:00,junit:junit,4.12,${junit.version},SeleniumPageObjectLiveTest.java,False,None,False,None,True,Logic changed,"Revert ""BAEL-4134""",Other
repos\tutorials,7ab2f437eed3854c0715e653173d8321645e3b57,2020-07-07 14:18:10+03:00,javax.transaction:jta,1.1,${jta.version},SeleniumPageObjectLiveTest.java,False,None,False,None,True,Logic changed,"Revert ""BAEL-4134""",Other
repos\tutorials,7ab2f437eed3854c0715e653173d8321645e3b57,2020-07-07 14:18:10+03:00,org.apache.geronimo.specs:geronimo-jta_1.0.1B_spec,1.0,${geronimo.version},SeleniumPageObjectLiveTest.java,False,None,False,None,True,Logic changed,"Revert ""BAEL-4134""",Other
repos\tutorials,7ab2f437eed3854c0715e653173d8321645e3b57,2020-07-07 14:18:10+03:00,javax.validation:validation-api,2.0.1.Final,${validation-api.version},SeleniumPageObjectLiveTest.java,False,None,False,None,True,Logic changed,"Revert ""BAEL-4134""",Other
repos\tutorials,7ab2f437eed3854c0715e653173d8321645e3b57,2020-07-07 14:18:10+03:00,org.hibernate.validator:hibernate-validator,6.1.2.Final,${hibernate-validator.version},SeleniumPageObjectLiveTest.java,False,None,False,None,True,Logic changed,"Revert ""BAEL-4134""",Other
repos\tutorials,7ab2f437eed3854c0715e653173d8321645e3b57,2020-07-07 14:18:10+03:00,javax.el:javax.el-api,3.0.0,${javax.el-api.version},SeleniumPageObjectLiveTest.java,False,None,False,None,True,Logic changed,"Revert ""BAEL-4134""",Other
repos\tutorials,7ab2f437eed3854c0715e653173d8321645e3b57,2020-07-07 14:18:10+03:00,org.glassfish.web:javax.el,2.2.4,${javax.el.version},SeleniumPageObjectLiveTest.java,False,None,False,None,True,Logic changed,"Revert ""BAEL-4134""",Other
repos\tutorials,7ab2f437eed3854c0715e653173d8321645e3b57,2020-07-07 14:18:10+03:00,org.springframework.data:spring-data-jpa,1.11.23.RELEASE,${spring-data-jpa.version},SeleniumWithTestNGLiveTest.java,False,None,False,None,True,Logic changed,"Revert ""BAEL-4134""",Other
repos\tutorials,7ab2f437eed3854c0715e653173d8321645e3b57,2020-07-07 14:18:10+03:00,org.apache.activemq:activemq-core,5.7.0,${activemq-core.version},SeleniumWithTestNGLiveTest.java,False,None,False,None,True,Logic changed,"Revert ""BAEL-4134""",Other
repos\tutorials,7ab2f437eed3854c0715e653173d8321645e3b57,2020-07-07 14:18:10+03:00,org.apache.derby:derby,10.8.1.2,${derby.version},SeleniumWithTestNGLiveTest.java,False,None,False,None,True,Logic changed,"Revert ""BAEL-4134""",Other
repos\tutorials,7ab2f437eed3854c0715e653173d8321645e3b57,2020-07-07 14:18:10+03:00,junit:junit,4.12,${junit.version},SeleniumWithTestNGLiveTest.java,False,None,False,None,True,Logic changed,"Revert ""BAEL-4134""",Other
repos\tutorials,7ab2f437eed3854c0715e653173d8321645e3b57,2020-07-07 14:18:10+03:00,javax.transaction:jta,1.1,${jta.version},SeleniumWithTestNGLiveTest.java,False,None,False,None,True,Logic changed,"Revert ""BAEL-4134""",Other
repos\tutorials,7ab2f437eed3854c0715e653173d8321645e3b57,2020-07-07 14:18:10+03:00,org.apache.geronimo.specs:geronimo-jta_1.0.1B_spec,1.0,${geronimo.version},SeleniumWithTestNGLiveTest.java,False,None,False,None,True,Logic changed,"Revert ""BAEL-4134""",Other
repos\tutorials,7ab2f437eed3854c0715e653173d8321645e3b57,2020-07-07 14:18:10+03:00,javax.validation:validation-api,2.0.1.Final,${validation-api.version},SeleniumWithTestNGLiveTest.java,False,None,False,None,True,Logic changed,"Revert ""BAEL-4134""",Other
repos\tutorials,7ab2f437eed3854c0715e653173d8321645e3b57,2020-07-07 14:18:10+03:00,org.hibernate.validator:hibernate-validator,6.1.2.Final,${hibernate-validator.version},SeleniumWithTestNGLiveTest.java,False,None,False,None,True,Logic changed,"Revert ""BAEL-4134""",Other
repos\tutorials,7ab2f437eed3854c0715e653173d8321645e3b57,2020-07-07 14:18:10+03:00,javax.el:javax.el-api,3.0.0,${javax.el-api.version},SeleniumWithTestNGLiveTest.java,False,None,False,None,True,Logic changed,"Revert ""BAEL-4134""",Other
repos\tutorials,7ab2f437eed3854c0715e653173d8321645e3b57,2020-07-07 14:18:10+03:00,org.glassfish.web:javax.el,2.2.4,${javax.el.version},SeleniumWithTestNGLiveTest.java,False,None,False,None,True,Logic changed,"Revert ""BAEL-4134""",Other
repos\tutorials,51f1fc9b1e07d5bd342b583b750b66bcabf13838,2020-07-23 16:17:04+03:00,org.slf4j:slf4j-api,1.7.5,${sl4j.version},CifarDataSetService.java,False,None,False,None,True,Logic changed,CNN example with Deeplearning4j in Java: refactor,Refactoring
repos\tutorials,51f1fc9b1e07d5bd342b583b750b66bcabf13838,2020-07-23 16:17:04+03:00,org.slf4j:slf4j-log4j12,1.7.5,${sl4j.version},CifarDataSetService.java,False,None,False,None,True,Logic changed,CNN example with Deeplearning4j in Java: refactor,Refactoring
repos\tutorials,51f1fc9b1e07d5bd342b583b750b66bcabf13838,2020-07-23 16:17:04+03:00,org.slf4j:slf4j-api,1.7.5,${sl4j.version},CnnExample.java,False,None,False,None,True,Logic changed,CNN example with Deeplearning4j in Java: refactor,Refactoring
repos\tutorials,51f1fc9b1e07d5bd342b583b750b66bcabf13838,2020-07-23 16:17:04+03:00,org.slf4j:slf4j-log4j12,1.7.5,${sl4j.version},CnnExample.java,False,None,False,None,True,Logic changed,CNN example with Deeplearning4j in Java: refactor,Refactoring
repos\tutorials,51f1fc9b1e07d5bd342b583b750b66bcabf13838,2020-07-23 16:17:04+03:00,org.slf4j:slf4j-api,1.7.5,${sl4j.version},CnnModel.java,True,"Removed: {'format'}, Added: set()",False,None,True,Logic changed,CNN example with Deeplearning4j in Java: refactor,Refactoring
repos\tutorials,51f1fc9b1e07d5bd342b583b750b66bcabf13838,2020-07-23 16:17:04+03:00,org.slf4j:slf4j-log4j12,1.7.5,${sl4j.version},CnnModel.java,True,"Removed: {'format'}, Added: set()",False,None,True,Logic changed,CNN example with Deeplearning4j in Java: refactor,Refactoring
repos\tutorials,51f1fc9b1e07d5bd342b583b750b66bcabf13838,2020-07-23 16:17:04+03:00,org.slf4j:slf4j-api,1.7.5,${sl4j.version},CnnModelProperties.java,False,None,False,None,True,Logic changed,CNN example with Deeplearning4j in Java: refactor,Refactoring
repos\tutorials,51f1fc9b1e07d5bd342b583b750b66bcabf13838,2020-07-23 16:17:04+03:00,org.slf4j:slf4j-log4j12,1.7.5,${sl4j.version},CnnModelProperties.java,False,None,False,None,True,Logic changed,CNN example with Deeplearning4j in Java: refactor,Refactoring
repos\tutorials,51f1fc9b1e07d5bd342b583b750b66bcabf13838,2020-07-23 16:17:04+03:00,org.slf4j:slf4j-api,1.7.5,${sl4j.version},IDataSetService.java,False,None,False,None,True,Logic changed,CNN example with Deeplearning4j in Java: refactor,Refactoring
repos\tutorials,51f1fc9b1e07d5bd342b583b750b66bcabf13838,2020-07-23 16:17:04+03:00,org.slf4j:slf4j-log4j12,1.7.5,${sl4j.version},IDataSetService.java,False,None,False,None,True,Logic changed,CNN example with Deeplearning4j in Java: refactor,Refactoring
repos\tutorials,23f1333aaaca15c8bc662ef873c5b5f494284b9f,2020-07-30 01:43:57+05:30,com.microsoft.azure:spring-data-cosmosdb,2.3.0,${cosmodb.version},ProductController.java,False,None,False,None,True,Logic changed,Implementing Code Review comments,Feature Addition
repos\tutorials,23f1333aaaca15c8bc662ef873c5b5f494284b9f,2020-07-30 01:43:57+05:30,com.microsoft.azure:spring-data-cosmosdb,2.3.0,${cosmodb.version},Product.java,False,None,True,"Removed methods: {'getPrice', 'setProductCategory', 'toString', 'setProductid', 'getProductName', 'setPrice', 'getProductCategory', 'getProductid', 'setProductName'}",True,Logic changed,Implementing Code Review comments,Feature Addition
repos\tutorials,23f1333aaaca15c8bc662ef873c5b5f494284b9f,2020-07-30 01:43:57+05:30,com.microsoft.azure:spring-data-cosmosdb,2.3.0,${cosmodb.version},ProductService.java,False,None,False,None,True,Logic changed,Implementing Code Review comments,Feature Addition
repos\tutorials,23f1333aaaca15c8bc662ef873c5b5f494284b9f,2020-07-30 01:43:57+05:30,com.microsoft.azure:spring-data-cosmosdb,2.3.0,${cosmodb.version},AzurecosmodbApplicationManualTest.java,True,"Removed: set(), Added: {'save', 'notNull', 'findById'}",False,None,True,Logic changed,Implementing Code Review comments,Feature Addition
repos\tutorials,aa223e69eada94f4771d69cfecce0771a6742b52,2020-08-23 10:35:43+05:30,org.assertj:assertj-core,3.15.0,3.16.1,OrderAgnosticListComparisonUnitTest.java,True,"Removed: set(), Added: {'hasSameElementsAs'}",False,None,True,Logic changed,Add tests for AssertJ example and update assertj-core dependency version.,Dependency Update
repos\tutorials,a51e034186bc8f730dbfbe9cc2230ccf7a47606a,2020-11-13 16:42:33+01:00,org.testcontainers:kafka,1.15.0-rc2,${testcontainers-kafka.version},EmbeddedKafkaIntegrationTest.java,False,None,False,None,True,Logic changed,BAEL-4609 - Testing Kafka and Spring Boot,Testing
repos\tutorials,a51e034186bc8f730dbfbe9cc2230ccf7a47606a,2020-11-13 16:42:33+01:00,org.testcontainers:kafka,1.15.0-rc2,${testcontainers-kafka.version},KafkaTestContainersIntegrationTest.java,True,"Removed: {'stop', 'start'}, Added: set()",True,"Removed methods: {'tearDownAfterClass', 'setUpBeforeClass'}",True,Logic changed,BAEL-4609 - Testing Kafka and Spring Boot,Testing
repos\tutorials,86c36061c98ec35d012f35c8a1612b61d96c1fd7,2021-05-09 11:41:35+02:00,org.openjdk.jmh:jmh-core,${jmh-core.version},${jmh.version},DifferentSourceSplitting.java,True,"Removed: {'main'}, Added: set()",True,"Removed methods: {'linkedListSequential', 'main', 'arrayListSequential', 'arrayListParallel', 'linkedListParallel'}",True,Logic changed,BAEL-4876: Add more benchmarks,Feature Addition
repos\tutorials,86c36061c98ec35d012f35c8a1612b61d96c1fd7,2021-05-09 11:41:35+02:00,org.openjdk.jmh:jmh-generator-annprocess,${jmh-generator.version},${jmh.version},DifferentSourceSplitting.java,True,"Removed: {'main'}, Added: set()",True,"Removed methods: {'linkedListSequential', 'main', 'arrayListSequential', 'arrayListParallel', 'linkedListParallel'}",True,Logic changed,BAEL-4876: Add more benchmarks,Feature Addition
repos\tutorials,86c36061c98ec35d012f35c8a1612b61d96c1fd7,2021-05-09 11:41:35+02:00,org.openjdk.jmh:jmh-core,${jmh-core.version},${jmh.version},SplittingCosts.java,True,"Removed: {'main'}, Added: set()",True,"Removed methods: {'main', 'arrayListParallel', 'arrayListSequential'}",True,Logic changed,BAEL-4876: Add more benchmarks,Feature Addition
repos\tutorials,86c36061c98ec35d012f35c8a1612b61d96c1fd7,2021-05-09 11:41:35+02:00,org.openjdk.jmh:jmh-generator-annprocess,${jmh-generator.version},${jmh.version},SplittingCosts.java,True,"Removed: {'main'}, Added: set()",True,"Removed methods: {'main', 'arrayListParallel', 'arrayListSequential'}",True,Logic changed,BAEL-4876: Add more benchmarks,Feature Addition
repos\tutorials,fda111a5a14504cee7a653b32bb34d8989272aa1,2021-07-02 21:18:53+05:30,tech.cassandre.trading.bot:cassandre-trading-bot-spring-boot-starter,4.2.1,${cassandre.trading.bot.version},MyFirstStrategy.java,False,None,False,None,True,Logic changed,JAVA-6222: Fix issues in the spring-boot-cassandre (#10988),Bug Fix
repos\tutorials,fda111a5a14504cee7a653b32bb34d8989272aa1,2021-07-02 21:18:53+05:30,org.knowm.xchange:xchange-kucoin,5.0.7,${xchange-kucoin.version},MyFirstStrategy.java,False,None,False,None,True,Logic changed,JAVA-6222: Fix issues in the spring-boot-cassandre (#10988),Bug Fix
repos\tutorials,fda111a5a14504cee7a653b32bb34d8989272aa1,2021-07-02 21:18:53+05:30,org.hsqldb:hsqldb,2.5.1,${hsqldb.version},MyFirstStrategy.java,False,None,False,None,True,Logic changed,JAVA-6222: Fix issues in the spring-boot-cassandre (#10988),Bug Fix
repos\tutorials,fda111a5a14504cee7a653b32bb34d8989272aa1,2021-07-02 21:18:53+05:30,tech.cassandre.trading.bot:cassandre-trading-bot-spring-boot-starter-test,4.2.1,${cassandre.trading.bot.version},MyFirstStrategy.java,False,None,False,None,True,Logic changed,JAVA-6222: Fix issues in the spring-boot-cassandre (#10988),Bug Fix
repos\tutorials,fda111a5a14504cee7a653b32bb34d8989272aa1,2021-07-02 21:18:53+05:30,tech.cassandre.trading.bot:cassandre-trading-bot-spring-boot-starter,4.2.1,${cassandre.trading.bot.version},TradingBotApplication.java,False,None,False,None,True,Logic changed,JAVA-6222: Fix issues in the spring-boot-cassandre (#10988),Bug Fix
repos\tutorials,fda111a5a14504cee7a653b32bb34d8989272aa1,2021-07-02 21:18:53+05:30,org.knowm.xchange:xchange-kucoin,5.0.7,${xchange-kucoin.version},TradingBotApplication.java,False,None,False,None,True,Logic changed,JAVA-6222: Fix issues in the spring-boot-cassandre (#10988),Bug Fix
repos\tutorials,fda111a5a14504cee7a653b32bb34d8989272aa1,2021-07-02 21:18:53+05:30,org.hsqldb:hsqldb,2.5.1,${hsqldb.version},TradingBotApplication.java,False,None,False,None,True,Logic changed,JAVA-6222: Fix issues in the spring-boot-cassandre (#10988),Bug Fix
repos\tutorials,fda111a5a14504cee7a653b32bb34d8989272aa1,2021-07-02 21:18:53+05:30,tech.cassandre.trading.bot:cassandre-trading-bot-spring-boot-starter-test,4.2.1,${cassandre.trading.bot.version},TradingBotApplication.java,False,None,False,None,True,Logic changed,JAVA-6222: Fix issues in the spring-boot-cassandre (#10988),Bug Fix
repos\tutorials,fda111a5a14504cee7a653b32bb34d8989272aa1,2021-07-02 21:18:53+05:30,tech.cassandre.trading.bot:cassandre-trading-bot-spring-boot-starter,4.2.1,${cassandre.trading.bot.version},MyFirstStrategyLiveTest.java,False,None,False,None,True,Logic changed,JAVA-6222: Fix issues in the spring-boot-cassandre (#10988),Bug Fix
repos\tutorials,fda111a5a14504cee7a653b32bb34d8989272aa1,2021-07-02 21:18:53+05:30,org.knowm.xchange:xchange-kucoin,5.0.7,${xchange-kucoin.version},MyFirstStrategyLiveTest.java,False,None,False,None,True,Logic changed,JAVA-6222: Fix issues in the spring-boot-cassandre (#10988),Bug Fix
repos\tutorials,fda111a5a14504cee7a653b32bb34d8989272aa1,2021-07-02 21:18:53+05:30,org.hsqldb:hsqldb,2.5.1,${hsqldb.version},MyFirstStrategyLiveTest.java,False,None,False,None,True,Logic changed,JAVA-6222: Fix issues in the spring-boot-cassandre (#10988),Bug Fix
repos\tutorials,fda111a5a14504cee7a653b32bb34d8989272aa1,2021-07-02 21:18:53+05:30,tech.cassandre.trading.bot:cassandre-trading-bot-spring-boot-starter-test,4.2.1,${cassandre.trading.bot.version},MyFirstStrategyLiveTest.java,False,None,False,None,True,Logic changed,JAVA-6222: Fix issues in the spring-boot-cassandre (#10988),Bug Fix
repos\tutorials,c4011204672a2aabceaa64762e3cf3a81046be93,2021-08-17 14:21:04+05:30,org.slf4j:slf4j-api,${slf4j.version},${org.slf4j.version},InputMessage.java,False,None,False,None,False,None,JAVA-6390: review corrections,Other
repos\tutorials,c4011204672a2aabceaa64762e3cf3a81046be93,2021-08-17 14:21:04+05:30,org.slf4j:slf4j-log4j12,${slf4j.version},${org.slf4j.version},InputMessage.java,False,None,False,None,False,None,JAVA-6390: review corrections,Other
repos\tutorials,1ab0a19d254c115375f68f2b7043cff7979588a9,2021-10-29 09:37:04+05:30,org.junit.platform:junit-platform-commons,${junit.platform.version},${junit-platform.version},AppUnitTest.java,False,None,False,None,True,Logic changed,Java 3590 (#11367) (#11380),Bug Fix
repos\tutorials,1ab0a19d254c115375f68f2b7043cff7979588a9,2021-10-29 09:37:04+05:30,org.junit.platform:junit-platform-commons,${junit.platform.version},${junit-platform.version},BooksControllerUnitTest.java,False,None,False,None,True,Logic changed,Java 3590 (#11367) (#11380),Bug Fix
repos\tutorials,1ab0a19d254c115375f68f2b7043cff7979588a9,2021-10-29 09:37:04+05:30,org.junit.platform:junit-platform-commons,${junit.platform.version},${junit-platform.version},BooksRepositoryUnitTest.java,False,None,False,None,True,Logic changed,Java 3590 (#11367) (#11380),Bug Fix
repos\tutorials,1ab0a19d254c115375f68f2b7043cff7979588a9,2021-10-29 09:37:04+05:30,org.junit.platform:junit-platform-commons,${junit.platform.version},${junit-platform.version},MockitoUnecessaryStubUnitTest.java,False,None,False,None,True,Logic changed,Java 3590 (#11367) (#11380),Bug Fix
repos\tutorials,c4ed8d458e26c98c595acde60a595edb4f1a7b8b,2021-11-15 21:37:22+01:00,org.apache.logging.log4j:log4j-core,2.14.1,${log4j2.version},WarInitializerApplication.java,False,None,False,None,False,None,JAVA-8293 Split or move Spring Boot module (fix review comments),Bug Fix
repos\tutorials,694041bc875d10fc4e1f143987e70a505331ba7e,2022-02-04 10:15:19+00:00,org.apache.olingo:olingo-odata2-core,${olingo2.version},${olingo.version},CarsODataJPAServiceFactory.java,False,None,False,None,True,Logic changed,[JAVA-9814] Cleanup apache-olingo module,Refactoring
repos\tutorials,694041bc875d10fc4e1f143987e70a505331ba7e,2022-02-04 10:15:19+00:00,org.apache.olingo:olingo-odata2-jpa-processor-core,${olingo2.version},${olingo.version},CarsODataJPAServiceFactory.java,False,None,False,None,True,Logic changed,[JAVA-9814] Cleanup apache-olingo module,Refactoring
repos\tutorials,694041bc875d10fc4e1f143987e70a505331ba7e,2022-02-04 10:15:19+00:00,org.apache.olingo:olingo-odata2-jpa-processor-ref,${olingo2.version},${olingo.version},CarsODataJPAServiceFactory.java,False,None,False,None,True,Logic changed,[JAVA-9814] Cleanup apache-olingo module,Refactoring
repos\tutorials,694041bc875d10fc4e1f143987e70a505331ba7e,2022-02-04 10:15:19+00:00,org.apache.olingo:olingo-odata2-core,${olingo2.version},${olingo.version},JerseyConfig.java,False,None,False,None,True,Logic changed,[JAVA-9814] Cleanup apache-olingo module,Refactoring
repos\tutorials,694041bc875d10fc4e1f143987e70a505331ba7e,2022-02-04 10:15:19+00:00,org.apache.olingo:olingo-odata2-jpa-processor-core,${olingo2.version},${olingo.version},JerseyConfig.java,False,None,False,None,True,Logic changed,[JAVA-9814] Cleanup apache-olingo module,Refactoring
repos\tutorials,694041bc875d10fc4e1f143987e70a505331ba7e,2022-02-04 10:15:19+00:00,org.apache.olingo:olingo-odata2-jpa-processor-ref,${olingo2.version},${olingo.version},JerseyConfig.java,False,None,False,None,True,Logic changed,[JAVA-9814] Cleanup apache-olingo module,Refactoring
repos\tutorials,694041bc875d10fc4e1f143987e70a505331ba7e,2022-02-04 10:15:19+00:00,org.apache.olingo:olingo-odata2-core,${olingo2.version},${olingo.version},Olingo2SampleApplication.java,False,None,False,None,False,None,[JAVA-9814] Cleanup apache-olingo module,Refactoring
repos\tutorials,694041bc875d10fc4e1f143987e70a505331ba7e,2022-02-04 10:15:19+00:00,org.apache.olingo:olingo-odata2-jpa-processor-core,${olingo2.version},${olingo.version},Olingo2SampleApplication.java,False,None,False,None,False,None,[JAVA-9814] Cleanup apache-olingo module,Refactoring
repos\tutorials,694041bc875d10fc4e1f143987e70a505331ba7e,2022-02-04 10:15:19+00:00,org.apache.olingo:olingo-odata2-jpa-processor-ref,${olingo2.version},${olingo.version},Olingo2SampleApplication.java,False,None,False,None,False,None,[JAVA-9814] Cleanup apache-olingo module,Refactoring
repos\tutorials,694041bc875d10fc4e1f143987e70a505331ba7e,2022-02-04 10:15:19+00:00,org.apache.olingo:olingo-odata2-core,${olingo2.version},${olingo.version},Olingo2SampleApplicationIntegrationTest.java,False,None,False,None,True,Logic changed,[JAVA-9814] Cleanup apache-olingo module,Refactoring
repos\tutorials,694041bc875d10fc4e1f143987e70a505331ba7e,2022-02-04 10:15:19+00:00,org.apache.olingo:olingo-odata2-jpa-processor-core,${olingo2.version},${olingo.version},Olingo2SampleApplicationIntegrationTest.java,False,None,False,None,True,Logic changed,[JAVA-9814] Cleanup apache-olingo module,Refactoring
repos\tutorials,694041bc875d10fc4e1f143987e70a505331ba7e,2022-02-04 10:15:19+00:00,org.apache.olingo:olingo-odata2-jpa-processor-ref,${olingo2.version},${olingo.version},Olingo2SampleApplicationIntegrationTest.java,False,None,False,None,True,Logic changed,[JAVA-9814] Cleanup apache-olingo module,Refactoring
repos\tutorials,bb7b461a495e8dae1ca592510d4d1670d1a4a1bd,2022-02-23 19:54:43+05:30,com.sun.xml.bind:jaxb-core,2.3.0.1,${com.sun.xml.version},PersistenceConfig.java,False,None,False,None,True,Logic changed,JAVA-10081: Removed unused files and updated pom.xml,Dependency Update
repos\tutorials,bb7b461a495e8dae1ca592510d4d1670d1a4a1bd,2022-02-23 19:54:43+05:30,javax.xml.bind:jaxb-api,2.3.1,${javax.xml.bind.version},PersistenceConfig.java,False,None,False,None,True,Logic changed,JAVA-10081: Removed unused files and updated pom.xml,Dependency Update
repos\tutorials,bb7b461a495e8dae1ca592510d4d1670d1a4a1bd,2022-02-23 19:54:43+05:30,com.sun.xml.bind:jaxb-impl,2.3.1,${com.sun.xml.version},PersistenceConfig.java,False,None,False,None,True,Logic changed,JAVA-10081: Removed unused files and updated pom.xml,Dependency Update
repos\tutorials,bb7b461a495e8dae1ca592510d4d1670d1a4a1bd,2022-02-23 19:54:43+05:30,com.sun.xml.bind:jaxb-core,2.3.0.1,${com.sun.xml.version},AbstractDao.java,False,None,False,None,True,Logic changed,JAVA-10081: Removed unused files and updated pom.xml,Dependency Update
repos\tutorials,bb7b461a495e8dae1ca592510d4d1670d1a4a1bd,2022-02-23 19:54:43+05:30,javax.xml.bind:jaxb-api,2.3.1,${javax.xml.bind.version},AbstractDao.java,False,None,False,None,True,Logic changed,JAVA-10081: Removed unused files and updated pom.xml,Dependency Update
repos\tutorials,bb7b461a495e8dae1ca592510d4d1670d1a4a1bd,2022-02-23 19:54:43+05:30,com.sun.xml.bind:jaxb-impl,2.3.1,${com.sun.xml.version},AbstractDao.java,False,None,False,None,True,Logic changed,JAVA-10081: Removed unused files and updated pom.xml,Dependency Update
repos\tutorials,bb7b461a495e8dae1ca592510d4d1670d1a4a1bd,2022-02-23 19:54:43+05:30,com.sun.xml.bind:jaxb-core,2.3.0.1,${com.sun.xml.version},AbstractHibernateDao.java,False,None,False,None,True,Logic changed,JAVA-10081: Removed unused files and updated pom.xml,Dependency Update
repos\tutorials,bb7b461a495e8dae1ca592510d4d1670d1a4a1bd,2022-02-23 19:54:43+05:30,javax.xml.bind:jaxb-api,2.3.1,${javax.xml.bind.version},AbstractHibernateDao.java,False,None,False,None,True,Logic changed,JAVA-10081: Removed unused files and updated pom.xml,Dependency Update
repos\tutorials,bb7b461a495e8dae1ca592510d4d1670d1a4a1bd,2022-02-23 19:54:43+05:30,com.sun.xml.bind:jaxb-impl,2.3.1,${com.sun.xml.version},AbstractHibernateDao.java,False,None,False,None,True,Logic changed,JAVA-10081: Removed unused files and updated pom.xml,Dependency Update
repos\tutorials,bb7b461a495e8dae1ca592510d4d1670d1a4a1bd,2022-02-23 19:54:43+05:30,com.sun.xml.bind:jaxb-core,2.3.0.1,${com.sun.xml.version},IOperations.java,False,None,False,None,True,Logic changed,JAVA-10081: Removed unused files and updated pom.xml,Dependency Update
repos\tutorials,bb7b461a495e8dae1ca592510d4d1670d1a4a1bd,2022-02-23 19:54:43+05:30,javax.xml.bind:jaxb-api,2.3.1,${javax.xml.bind.version},IOperations.java,False,None,False,None,True,Logic changed,JAVA-10081: Removed unused files and updated pom.xml,Dependency Update
repos\tutorials,bb7b461a495e8dae1ca592510d4d1670d1a4a1bd,2022-02-23 19:54:43+05:30,com.sun.xml.bind:jaxb-impl,2.3.1,${com.sun.xml.version},IOperations.java,False,None,False,None,True,Logic changed,JAVA-10081: Removed unused files and updated pom.xml,Dependency Update
repos\tutorials,bb7b461a495e8dae1ca592510d4d1670d1a4a1bd,2022-02-23 19:54:43+05:30,com.sun.xml.bind:jaxb-core,2.3.0.1,${com.sun.xml.version},EmployeeDao.java,False,None,False,None,True,Logic changed,JAVA-10081: Removed unused files and updated pom.xml,Dependency Update
repos\tutorials,bb7b461a495e8dae1ca592510d4d1670d1a4a1bd,2022-02-23 19:54:43+05:30,javax.xml.bind:jaxb-api,2.3.1,${javax.xml.bind.version},EmployeeDao.java,False,None,False,None,True,Logic changed,JAVA-10081: Removed unused files and updated pom.xml,Dependency Update
repos\tutorials,bb7b461a495e8dae1ca592510d4d1670d1a4a1bd,2022-02-23 19:54:43+05:30,com.sun.xml.bind:jaxb-impl,2.3.1,${com.sun.xml.version},EmployeeDao.java,False,None,False,None,True,Logic changed,JAVA-10081: Removed unused files and updated pom.xml,Dependency Update
repos\tutorials,bb7b461a495e8dae1ca592510d4d1670d1a4a1bd,2022-02-23 19:54:43+05:30,com.sun.xml.bind:jaxb-core,2.3.0.1,${com.sun.xml.version},ProjectDao.java,False,None,False,None,True,Logic changed,JAVA-10081: Removed unused files and updated pom.xml,Dependency Update
repos\tutorials,bb7b461a495e8dae1ca592510d4d1670d1a4a1bd,2022-02-23 19:54:43+05:30,javax.xml.bind:jaxb-api,2.3.1,${javax.xml.bind.version},ProjectDao.java,False,None,False,None,True,Logic changed,JAVA-10081: Removed unused files and updated pom.xml,Dependency Update
repos\tutorials,bb7b461a495e8dae1ca592510d4d1670d1a4a1bd,2022-02-23 19:54:43+05:30,com.sun.xml.bind:jaxb-impl,2.3.1,${com.sun.xml.version},ProjectDao.java,False,None,False,None,True,Logic changed,JAVA-10081: Removed unused files and updated pom.xml,Dependency Update
repos\tutorials,bb7b461a495e8dae1ca592510d4d1670d1a4a1bd,2022-02-23 19:54:43+05:30,com.sun.xml.bind:jaxb-core,2.3.0.1,${com.sun.xml.version},Employee.java,False,None,False,None,True,Logic changed,JAVA-10081: Removed unused files and updated pom.xml,Dependency Update
repos\tutorials,bb7b461a495e8dae1ca592510d4d1670d1a4a1bd,2022-02-23 19:54:43+05:30,javax.xml.bind:jaxb-api,2.3.1,${javax.xml.bind.version},Employee.java,False,None,False,None,True,Logic changed,JAVA-10081: Removed unused files and updated pom.xml,Dependency Update
repos\tutorials,bb7b461a495e8dae1ca592510d4d1670d1a4a1bd,2022-02-23 19:54:43+05:30,com.sun.xml.bind:jaxb-impl,2.3.1,${com.sun.xml.version},Employee.java,False,None,False,None,True,Logic changed,JAVA-10081: Removed unused files and updated pom.xml,Dependency Update
repos\tutorials,bb7b461a495e8dae1ca592510d4d1670d1a4a1bd,2022-02-23 19:54:43+05:30,com.sun.xml.bind:jaxb-core,2.3.0.1,${com.sun.xml.version},Project.java,False,None,False,None,True,Logic changed,JAVA-10081: Removed unused files and updated pom.xml,Dependency Update
repos\tutorials,bb7b461a495e8dae1ca592510d4d1670d1a4a1bd,2022-02-23 19:54:43+05:30,javax.xml.bind:jaxb-api,2.3.1,${javax.xml.bind.version},Project.java,False,None,False,None,True,Logic changed,JAVA-10081: Removed unused files and updated pom.xml,Dependency Update
repos\tutorials,bb7b461a495e8dae1ca592510d4d1670d1a4a1bd,2022-02-23 19:54:43+05:30,com.sun.xml.bind:jaxb-impl,2.3.1,${com.sun.xml.version},Project.java,False,None,False,None,True,Logic changed,JAVA-10081: Removed unused files and updated pom.xml,Dependency Update
repos\tutorials,bb7b461a495e8dae1ca592510d4d1670d1a4a1bd,2022-02-23 19:54:43+05:30,com.sun.xml.bind:jaxb-core,2.3.0.1,${com.sun.xml.version},HibernateUtil.java,False,None,False,None,True,Logic changed,JAVA-10081: Removed unused files and updated pom.xml,Dependency Update
repos\tutorials,bb7b461a495e8dae1ca592510d4d1670d1a4a1bd,2022-02-23 19:54:43+05:30,javax.xml.bind:jaxb-api,2.3.1,${javax.xml.bind.version},HibernateUtil.java,False,None,False,None,True,Logic changed,JAVA-10081: Removed unused files and updated pom.xml,Dependency Update
repos\tutorials,bb7b461a495e8dae1ca592510d4d1670d1a4a1bd,2022-02-23 19:54:43+05:30,com.sun.xml.bind:jaxb-impl,2.3.1,${com.sun.xml.version},HibernateUtil.java,False,None,False,None,True,Logic changed,JAVA-10081: Removed unused files and updated pom.xml,Dependency Update
repos\tutorials,bb7b461a495e8dae1ca592510d4d1670d1a4a1bd,2022-02-23 19:54:43+05:30,com.sun.xml.bind:jaxb-core,2.3.0.1,${com.sun.xml.version},SpringContextTest.java,False,None,False,None,True,Logic changed,JAVA-10081: Removed unused files and updated pom.xml,Dependency Update
repos\tutorials,bb7b461a495e8dae1ca592510d4d1670d1a4a1bd,2022-02-23 19:54:43+05:30,javax.xml.bind:jaxb-api,2.3.1,${javax.xml.bind.version},SpringContextTest.java,False,None,False,None,True,Logic changed,JAVA-10081: Removed unused files and updated pom.xml,Dependency Update
repos\tutorials,bb7b461a495e8dae1ca592510d4d1670d1a4a1bd,2022-02-23 19:54:43+05:30,com.sun.xml.bind:jaxb-impl,2.3.1,${com.sun.xml.version},SpringContextTest.java,False,None,False,None,True,Logic changed,JAVA-10081: Removed unused files and updated pom.xml,Dependency Update
repos\tutorials,bb7b461a495e8dae1ca592510d4d1670d1a4a1bd,2022-02-23 19:54:43+05:30,com.sun.xml.bind:jaxb-core,2.3.0.1,${com.sun.xml.version},HibernateManyToManyAnnotationJavaConfigMainIntegrationTest.java,False,None,False,None,True,Logic changed,JAVA-10081: Removed unused files and updated pom.xml,Dependency Update
repos\tutorials,bb7b461a495e8dae1ca592510d4d1670d1a4a1bd,2022-02-23 19:54:43+05:30,javax.xml.bind:jaxb-api,2.3.1,${javax.xml.bind.version},HibernateManyToManyAnnotationJavaConfigMainIntegrationTest.java,False,None,False,None,True,Logic changed,JAVA-10081: Removed unused files and updated pom.xml,Dependency Update
repos\tutorials,bb7b461a495e8dae1ca592510d4d1670d1a4a1bd,2022-02-23 19:54:43+05:30,com.sun.xml.bind:jaxb-impl,2.3.1,${com.sun.xml.version},HibernateManyToManyAnnotationJavaConfigMainIntegrationTest.java,False,None,False,None,True,Logic changed,JAVA-10081: Removed unused files and updated pom.xml,Dependency Update
repos\tutorials,bb7b461a495e8dae1ca592510d4d1670d1a4a1bd,2022-02-23 19:54:43+05:30,com.sun.xml.bind:jaxb-core,2.3.0.1,${com.sun.xml.version},HibernateManyToManyAnnotationMainIntegrationTest.java,False,None,False,None,True,Logic changed,JAVA-10081: Removed unused files and updated pom.xml,Dependency Update
repos\tutorials,bb7b461a495e8dae1ca592510d4d1670d1a4a1bd,2022-02-23 19:54:43+05:30,javax.xml.bind:jaxb-api,2.3.1,${javax.xml.bind.version},HibernateManyToManyAnnotationMainIntegrationTest.java,False,None,False,None,True,Logic changed,JAVA-10081: Removed unused files and updated pom.xml,Dependency Update
repos\tutorials,bb7b461a495e8dae1ca592510d4d1670d1a4a1bd,2022-02-23 19:54:43+05:30,com.sun.xml.bind:jaxb-impl,2.3.1,${com.sun.xml.version},HibernateManyToManyAnnotationMainIntegrationTest.java,False,None,False,None,True,Logic changed,JAVA-10081: Removed unused files and updated pom.xml,Dependency Update
repos\tutorials,2b68a32cb7552dafa0184f33c451abfddd067307,2022-04-14 10:31:13+01:00,com.github.americanexpress.nodes:nodes,0.5.0,${nodes.version},UserHandler.java,True,"Removed: set(), Added: {'newGraphQL', 'build'}",False,None,True,Logic changed,[JAVA-11197] Fix graphql-java Application class,Bug Fix
repos\tutorials,2b68a32cb7552dafa0184f33c451abfddd067307,2022-04-14 10:31:13+01:00,com.graphql-java:graphql-java-tools,5.2.4,${graphql-java-tools.version},UserHandler.java,True,"Removed: set(), Added: {'newGraphQL', 'build'}",False,None,True,Logic changed,[JAVA-11197] Fix graphql-java Application class,Bug Fix
repos\tutorials,2b68a32cb7552dafa0184f33c451abfddd067307,2022-04-14 10:31:13+01:00,com.graphql-java:graphql-java-servlet,6.1.3,${graphql-java-servlet.version},UserHandler.java,True,"Removed: set(), Added: {'newGraphQL', 'build'}",False,None,True,Logic changed,[JAVA-11197] Fix graphql-java Application class,Bug Fix
repos\tutorials,2b68a32cb7552dafa0184f33c451abfddd067307,2022-04-14 10:31:13+01:00,javax.servlet:javax.servlet-api,3.0.1,${javax.servlet-api.version},UserHandler.java,True,"Removed: set(), Added: {'newGraphQL', 'build'}",False,None,True,Logic changed,[JAVA-11197] Fix graphql-java Application class,Bug Fix
repos\tutorials,2b68a32cb7552dafa0184f33c451abfddd067307,2022-04-14 10:31:13+01:00,org.apache.commons:commons-lang3,3.12.0,${commons-lang3.version},UserHandler.java,True,"Removed: set(), Added: {'newGraphQL', 'build'}",False,None,True,Logic changed,[JAVA-11197] Fix graphql-java Application class,Bug Fix
repos\tutorials,2b68a32cb7552dafa0184f33c451abfddd067307,2022-04-14 10:31:13+01:00,org.mock-server:mockserver-netty,5.11.2,${mockserver-netty.version},UserHandler.java,True,"Removed: set(), Added: {'newGraphQL', 'build'}",False,None,True,Logic changed,[JAVA-11197] Fix graphql-java Application class,Bug Fix
repos\tutorials,2b68a32cb7552dafa0184f33c451abfddd067307,2022-04-14 10:31:13+01:00,org.mock-server:mockserver-client-java,5.11.2,${mockserver-client-java.version},UserHandler.java,True,"Removed: set(), Added: {'newGraphQL', 'build'}",False,None,True,Logic changed,[JAVA-11197] Fix graphql-java Application class,Bug Fix
repos\tutorials,8735a58dd000e814b6af663102cb53b64fd2225b,2022-04-26 19:18:09+05:30,com.netflix.graphql.dgs.codegen:graphql-dgs-codegen-client-core,5.1.14,${graphql-dgs-codegen-client-core.version},BookService.java,True,"Removed: set(), Added: {'collect'}",False,None,True,Logic changed,JAVA-10535: Create parent graphql module (#12112),Refactoring
repos\tutorials,8735a58dd000e814b6af663102cb53b64fd2225b,2022-04-26 19:18:09+05:30,com.netflix.graphql.dgs:graphql-dgs-spring-boot-starter,4.9.15,${graphql-dgs-spring-boot-starter.version},BookService.java,True,"Removed: set(), Added: {'collect'}",False,None,True,Logic changed,JAVA-10535: Create parent graphql module (#12112),Refactoring
repos\tutorials,9a42f64454e7dcef0ec9edc043e92add81e9cfc8,2022-12-07 15:53:34+01:00,org.apache.commons:commons-lang3,3.12.0,${commons-lang3.version},ChildClass1.java,False,None,False,None,True,Logic changed,rework following Saajan Nagendra's review,Other
repos\tutorials,9a42f64454e7dcef0ec9edc043e92add81e9cfc8,2022-12-07 15:53:34+01:00,org.reflections:reflections,0.10.2,${reflections.version},ChildClass1.java,False,None,False,None,True,Logic changed,rework following Saajan Nagendra's review,Other
repos\tutorials,9a42f64454e7dcef0ec9edc043e92add81e9cfc8,2022-12-07 15:53:34+01:00,org.apache.commons:commons-lang3,3.12.0,${commons-lang3.version},ChildClass2.java,False,None,False,None,True,Logic changed,rework following Saajan Nagendra's review,Other
repos\tutorials,9a42f64454e7dcef0ec9edc043e92add81e9cfc8,2022-12-07 15:53:34+01:00,org.reflections:reflections,0.10.2,${reflections.version},ChildClass2.java,False,None,False,None,True,Logic changed,rework following Saajan Nagendra's review,Other
repos\tutorials,9a42f64454e7dcef0ec9edc043e92add81e9cfc8,2022-12-07 15:53:34+01:00,org.apache.commons:commons-lang3,3.12.0,${commons-lang3.version},ChildInterface1.java,False,None,False,None,True,Logic changed,rework following Saajan Nagendra's review,Other
repos\tutorials,9a42f64454e7dcef0ec9edc043e92add81e9cfc8,2022-12-07 15:53:34+01:00,org.reflections:reflections,0.10.2,${reflections.version},ChildInterface1.java,False,None,False,None,True,Logic changed,rework following Saajan Nagendra's review,Other
repos\tutorials,9a42f64454e7dcef0ec9edc043e92add81e9cfc8,2022-12-07 15:53:34+01:00,org.apache.commons:commons-lang3,3.12.0,${commons-lang3.version},ChildInterface2.java,False,None,False,None,True,Logic changed,rework following Saajan Nagendra's review,Other
repos\tutorials,9a42f64454e7dcef0ec9edc043e92add81e9cfc8,2022-12-07 15:53:34+01:00,org.reflections:reflections,0.10.2,${reflections.version},ChildInterface2.java,False,None,False,None,True,Logic changed,rework following Saajan Nagendra's review,Other
repos\tutorials,9a42f64454e7dcef0ec9edc043e92add81e9cfc8,2022-12-07 15:53:34+01:00,org.apache.commons:commons-lang3,3.12.0,${commons-lang3.version},MasterClass.java,False,None,False,None,True,Logic changed,rework following Saajan Nagendra's review,Other
repos\tutorials,9a42f64454e7dcef0ec9edc043e92add81e9cfc8,2022-12-07 15:53:34+01:00,org.reflections:reflections,0.10.2,${reflections.version},MasterClass.java,False,None,False,None,True,Logic changed,rework following Saajan Nagendra's review,Other
repos\tutorials,9a42f64454e7dcef0ec9edc043e92add81e9cfc8,2022-12-07 15:53:34+01:00,org.apache.commons:commons-lang3,3.12.0,${commons-lang3.version},MasterInterface.java,False,None,False,None,True,Logic changed,rework following Saajan Nagendra's review,Other
repos\tutorials,9a42f64454e7dcef0ec9edc043e92add81e9cfc8,2022-12-07 15:53:34+01:00,org.reflections:reflections,0.10.2,${reflections.version},MasterInterface.java,False,None,False,None,True,Logic changed,rework following Saajan Nagendra's review,Other
repos\tutorials,9a42f64454e7dcef0ec9edc043e92add81e9cfc8,2022-12-07 15:53:34+01:00,org.apache.commons:commons-lang3,3.12.0,${commons-lang3.version},CheckInterfaceUnitTest.java,False,None,False,None,True,Logic changed,rework following Saajan Nagendra's review,Other
repos\tutorials,9a42f64454e7dcef0ec9edc043e92add81e9cfc8,2022-12-07 15:53:34+01:00,org.reflections:reflections,0.10.2,${reflections.version},CheckInterfaceUnitTest.java,False,None,False,None,True,Logic changed,rework following Saajan Nagendra's review,Other
repos\tutorials,7be973e5aa29c375d343190f4443f363e4103c42,2023-01-31 18:30:43+05:30,com.github.javafaker:javafaker,0.15,${javafaker.version},User.java,False,None,False,None,True,Logic changed,rename the package,Other
repos\tutorials,7be973e5aa29c375d343190f4443f363e4103c42,2023-01-31 18:30:43+05:30,com.github.javafaker:javafaker,0.15,${javafaker.version},UserRepository.java,False,None,False,None,True,Logic changed,rename the package,Other
repos\tutorials,7be973e5aa29c375d343190f4443f363e4103c42,2023-01-31 18:30:43+05:30,com.github.javafaker:javafaker,0.15,${javafaker.version},UserRepositoryIntegrationTest.java,False,None,False,None,True,Logic changed,rename the package,Other
repos\tutorials,456ff7d02948513e9dba23d63ba6ca7db955ee72,2023-02-03 23:17:48+05:30,com.amazonaws:amazon-kinesis-client,1.11.2,1.14.9,ConsumerBinder.java,False,None,True,Removed methods: {'consume'},True,Logic changed,JAVA-15980 Upgrade AWS Kinesis (#13294),Dependency Update
repos\tutorials,456ff7d02948513e9dba23d63ba6ca7db955ee72,2023-02-03 23:17:48+05:30,com.amazonaws:amazon-kinesis-client,1.11.2,1.14.9,KinesisBinderApplication.java,False,None,False,None,False,None,JAVA-15980 Upgrade AWS Kinesis (#13294),Dependency Update
repos\tutorials,456ff7d02948513e9dba23d63ba6ca7db955ee72,2023-02-03 23:17:48+05:30,com.amazonaws:amazon-kinesis-client,1.11.2,1.14.9,ProducerBinder.java,True,"Removed: {'output', 'send', 'forEach'}, Added: {'map'}",True,Removed methods: {'produce'},True,Logic changed,JAVA-15980 Upgrade AWS Kinesis (#13294),Dependency Update
repos\tutorials,456ff7d02948513e9dba23d63ba6ca7db955ee72,2023-02-03 23:17:48+05:30,com.amazonaws:amazon-kinesis-client,1.11.2,1.14.9,KinesisKCLApplication.java,True,"Removed: {'withRegionName'}, Added: set()",False,None,True,Logic changed,JAVA-15980 Upgrade AWS Kinesis (#13294),Dependency Update
repos\tutorials,456ff7d02948513e9dba23d63ba6ca7db955ee72,2023-02-03 23:17:48+05:30,com.amazonaws:amazon-kinesis-client,1.11.2,1.14.9,KinesisKPLApplication.java,False,None,False,None,False,None,JAVA-15980 Upgrade AWS Kinesis (#13294),Dependency Update
repos\tutorials,12f814488b29a484c64ed1a205c42d36f329209a,2023-02-22 19:39:20+05:30,org.codehaus.groovy:groovy-eclipse-batch,${groovy.version}-01,${groovy-eclipse-batch.version},SingleJustVsFromCallableTest.java,False,None,False,None,True,Logic changed,[JAVA-16376] Moved quarkus-modules to jdk9-and-above profile (#13487),Bug Fix
repos\tutorials,9af9ee9b48cccf6d2ff6b4c6cc8686a580cc76a6,2023-03-27 21:45:24+05:30,org.datanucleus:datanucleus-api-jdo,${datanucleus.version},${datanucleus-api.version},App.java,True,"Removed: {'getDefaultServer'}, Added: {'getDefault'}",False,None,True,Logic changed,JAVA-18152 Upgrade libraries-data-db module to JDK 11 (#13716),Dependency Update
repos\tutorials,9af9ee9b48cccf6d2ff6b4c6cc8686a580cc76a6,2023-03-27 21:45:24+05:30,org.datanucleus:datanucleus-api-jdo,${datanucleus.version},${datanucleus-api.version},App2.java,False,None,False,None,True,Logic changed,JAVA-18152 Upgrade libraries-data-db module to JDK 11 (#13716),Dependency Update
repos\tutorials,9af9ee9b48cccf6d2ff6b4c6cc8686a580cc76a6,2023-03-27 21:45:24+05:30,org.datanucleus:datanucleus-api-jdo,${datanucleus.version},${datanucleus-api.version},GuideToJDO.java,False,None,False,None,True,Logic changed,JAVA-18152 Upgrade libraries-data-db module to JDK 11 (#13716),Dependency Update
repos\tutorials,9af9ee9b48cccf6d2ff6b4c6cc8686a580cc76a6,2023-03-27 21:45:24+05:30,org.datanucleus:datanucleus-api-jdo,${datanucleus.version},${datanucleus-api.version},GuideToJDOIntegrationTest.java,False,None,False,None,True,Logic changed,JAVA-18152 Upgrade libraries-data-db module to JDK 11 (#13716),Dependency Update
repos\tutorials,9af9ee9b48cccf6d2ff6b4c6cc8686a580cc76a6,2023-03-27 21:45:24+05:30,org.datanucleus:datanucleus-api-jdo,${datanucleus.version},${datanucleus-api.version},ORMLiteIntegrationTest.java,False,None,False,None,True,Logic changed,JAVA-18152 Upgrade libraries-data-db module to JDK 11 (#13716),Dependency Update
repos\tutorials,5c520fc768f9e5006fc40181a63e1a7fa800d5d2,2023-04-03 22:57:36+05:30,org.openjdk.jmh:jmh-core,${jmh-core.version},1.36,Striped64.java,False,None,False,None,True,Logic changed,[JAVA-18144] Moved jmh module to jdk9-and-above profile (#13725),Dependency Update
repos\tutorials,5c520fc768f9e5006fc40181a63e1a7fa800d5d2,2023-04-03 22:57:36+05:30,org.openjdk.jmh:jmh-generator-annprocess,${jmh-generator.version},1.36,Striped64.java,False,None,False,None,True,Logic changed,[JAVA-18144] Moved jmh module to jdk9-and-above profile (#13725),Dependency Update
repos\tutorials,68de2833f3ac79a742815f0a27ef995c11c8774f,2023-04-15 09:43:07+05:30,org.codehaus.plexus:plexus-compiler-javac-errorprone,2.8,${plexus-compiler.version},ImmutablePersonUnitTest.java,False,None,False,None,True,Logic changed,Java 18150 (#13818),Dependency Update
repos\tutorials,68de2833f3ac79a742815f0a27ef995c11c8774f,2023-04-15 09:43:07+05:30,com.google.errorprone:error_prone_core,2.3.4,${errorprone.version},ImmutablePersonUnitTest.java,False,None,False,None,True,Logic changed,Java 18150 (#13818),Dependency Update
repos\tutorials,2a4950a9d74ae6334e6059d3dca4c6535315f99b,2023-06-13 20:40:51+03:00,org.neo4j.test:neo4j-harness,5.5.0,${neo4j.version},MovieRepositoryIntegrationTest.java,False,None,False,None,True,Logic changed,JAVA-20167 Additional changes for test MovieRepositoryIntegrationTest,Feature Addition
repos\tutorials,19039a3d2e80b983b54f41ec6dc275d4b0b21d9a,2023-06-15 20:37:20+03:00,org.neo4j.test:neo4j-harness,${neo4j.version},5.5.0,MovieRepositoryIntegrationTest.java,False,None,True,Removed methods: {'setup'},True,Logic changed,"Revert ""JAVA-20167 Additional changes for test MovieRepositoryIntegrationTest""",Feature Addition
repos\tutorials,2485d2514036ffb04aaba30ee109d83686dab20c,2023-06-29 00:18:06+03:00,com.fasterxml.jackson.datatype:jackson-datatype-jsr310,2.15.2,${jackson-datatype-jsr310.version},ResilientAppControllerIntegrationTest.java,True,"Removed: {'forName'}, Added: set()",False,None,True,Logic changed,[JAVA-22589] Disabled test case,Testing
repos\tutorials,612a42286ae4977bbabb633ae576bf4e7fe235ec,2023-07-10 11:56:36+03:00,org.apache.camel:camel-core,${env.camel.version},${camel.version},ContentBasedFileRouterConfig.java,True,"Removed: {'asList'}, Added: {'singletonList'}",False,None,True,Logic changed,JAVA-22210 Upgrade dependencies versions for spring-apache-camel module (#14359),Dependency Update
repos\tutorials,612a42286ae4977bbabb633ae576bf4e7fe235ec,2023-07-10 11:56:36+03:00,org.apache.camel:camel-spring,${env.camel.version},${camel.version},ContentBasedFileRouterConfig.java,True,"Removed: {'asList'}, Added: {'singletonList'}",False,None,True,Logic changed,JAVA-22210 Upgrade dependencies versions for spring-apache-camel module (#14359),Dependency Update
repos\tutorials,612a42286ae4977bbabb633ae576bf4e7fe235ec,2023-07-10 11:56:36+03:00,org.apache.camel:camel-stream,${env.camel.version},${camel.version},ContentBasedFileRouterConfig.java,True,"Removed: {'asList'}, Added: {'singletonList'}",False,None,True,Logic changed,JAVA-22210 Upgrade dependencies versions for spring-apache-camel module (#14359),Dependency Update
repos\tutorials,612a42286ae4977bbabb633ae576bf4e7fe235ec,2023-07-10 11:56:36+03:00,org.springframework:spring-context,${env.spring.version},${spring.version},ContentBasedFileRouterConfig.java,True,"Removed: {'asList'}, Added: {'singletonList'}",False,None,True,Logic changed,JAVA-22210 Upgrade dependencies versions for spring-apache-camel module (#14359),Dependency Update
repos\tutorials,f2ab4c2aa8fc71334e121e68bb29d11dbe85ac3d,2023-07-14 23:00:39+05:30,org.testng:testng,7.5,7.1.0,MultiInputs.java,False,None,False,None,False,None,JAVA-22516 Split or move core-java-io-apis-2 module (moved-1) (#14361),Bug Fix
repos\tutorials,f2ab4c2aa8fc71334e121e68bb29d11dbe85ac3d,2023-07-14 23:00:39+05:30,org.testng:testng,7.5,7.1.0,BufferedReaderUnitTest.java,False,None,False,None,False,None,JAVA-22516 Split or move core-java-io-apis-2 module (moved-1) (#14361),Bug Fix
repos\tutorials,f2ab4c2aa8fc71334e121e68bb29d11dbe85ac3d,2023-07-14 23:00:39+05:30,org.testng:testng,7.5,7.1.0,FileReaderUnitTest.java,False,None,False,None,False,None,JAVA-22516 Split or move core-java-io-apis-2 module (moved-1) (#14361),Bug Fix
repos\tutorials,f2ab4c2aa8fc71334e121e68bb29d11dbe85ac3d,2023-07-14 23:00:39+05:30,org.testng:testng,7.5,7.1.0,TestMultipleInputsUnitTest.java,False,None,False,None,True,Logic changed,JAVA-22516 Split or move core-java-io-apis-2 module (moved-1) (#14361),Bug Fix
repos\tutorials,f2ab4c2aa8fc71334e121e68bb29d11dbe85ac3d,2023-07-14 23:00:39+05:30,org.testng:testng,7.5,7.1.0,DateScanner.java,False,None,False,None,False,None,JAVA-22516 Split or move core-java-io-apis-2 module (moved-1) (#14361),Bug Fix
repos\tutorials,f2ab4c2aa8fc71334e121e68bb29d11dbe85ac3d,2023-07-14 23:00:39+05:30,org.testng:testng,7.5,7.1.0,DateScannerUnitTest.java,False,None,False,None,False,None,JAVA-22516 Split or move core-java-io-apis-2 module (moved-1) (#14361),Bug Fix
repos\tutorials,f2ab4c2aa8fc71334e121e68bb29d11dbe85ac3d,2023-07-14 23:00:39+05:30,org.testng:testng,7.5,7.1.0,NextLineVsNextIntUnitTest.java,False,None,False,None,False,None,JAVA-22516 Split or move core-java-io-apis-2 module (moved-1) (#14361),Bug Fix
repos\tutorials,f2ab4c2aa8fc71334e121e68bb29d11dbe85ac3d,2023-07-14 23:00:39+05:30,org.testng:testng,7.5,7.1.0,ScanACharacterUnitTest.java,False,None,False,None,False,None,JAVA-22516 Split or move core-java-io-apis-2 module (moved-1) (#14361),Bug Fix
repos\tutorials,f2ab4c2aa8fc71334e121e68bb29d11dbe85ac3d,2023-07-14 23:00:39+05:30,org.testng:testng,7.5,7.1.0,ScannerNextLineUnitTest.java,False,None,False,None,True,Logic changed,JAVA-22516 Split or move core-java-io-apis-2 module (moved-1) (#14361),Bug Fix
repos\tutorials,ad46c3d204be34882c2236153c40824a49b352d7,2023-07-15 12:44:20+05:30,io.helidon.webserver:helidon-webserver-netty,${helidon.version},${helidon-webserver-netty.version},ConfigApplication.java,False,None,False,None,True,Logic changed,JAVA-22211 Upgrade dependencies versions for helidon-se module (#14389),Dependency Update
repos\tutorials,ad46c3d204be34882c2236153c40824a49b352d7,2023-07-15 12:44:20+05:30,io.helidon.webserver:helidon-webserver-json,${helidon.version},${helidon-webserver-json.version},ConfigApplication.java,False,None,False,None,True,Logic changed,JAVA-22211 Upgrade dependencies versions for helidon-se module (#14389),Dependency Update
repos\tutorials,ad46c3d204be34882c2236153c40824a49b352d7,2023-07-15 12:44:20+05:30,io.helidon.webserver:helidon-webserver-netty,${helidon.version},${helidon-webserver-netty.version},BookResource.java,False,None,False,None,True,Logic changed,JAVA-22211 Upgrade dependencies versions for helidon-se module (#14389),Dependency Update
repos\tutorials,ad46c3d204be34882c2236153c40824a49b352d7,2023-07-15 12:44:20+05:30,io.helidon.webserver:helidon-webserver-json,${helidon.version},${helidon-webserver-json.version},BookResource.java,False,None,False,None,True,Logic changed,JAVA-22211 Upgrade dependencies versions for helidon-se module (#14389),Dependency Update
repos\tutorials,ad46c3d204be34882c2236153c40824a49b352d7,2023-07-15 12:44:20+05:30,io.helidon.webserver:helidon-webserver-netty,${helidon.version},${helidon-webserver-netty.version},WebApplicationRouting.java,True,"Removed: set(), Added: {'addRouting'}",False,None,True,Logic changed,JAVA-22211 Upgrade dependencies versions for helidon-se module (#14389),Dependency Update
repos\tutorials,ad46c3d204be34882c2236153c40824a49b352d7,2023-07-15 12:44:20+05:30,io.helidon.webserver:helidon-webserver-json,${helidon.version},${helidon-webserver-json.version},WebApplicationRouting.java,True,"Removed: set(), Added: {'addRouting'}",False,None,True,Logic changed,JAVA-22211 Upgrade dependencies versions for helidon-se module (#14389),Dependency Update
repos\tutorials,ad46c3d204be34882c2236153c40824a49b352d7,2023-07-15 12:44:20+05:30,io.helidon.webserver:helidon-webserver-netty,${helidon.version},${helidon-webserver-netty.version},MyUser.java,True,"Removed: set(), Added: {'equals'}",True,"Removed methods: {'getLogin', 'getPassword', 'getRoles'}",True,Logic changed,JAVA-22211 Upgrade dependencies versions for helidon-se module (#14389),Dependency Update
repos\tutorials,ad46c3d204be34882c2236153c40824a49b352d7,2023-07-15 12:44:20+05:30,io.helidon.webserver:helidon-webserver-json,${helidon.version},${helidon-webserver-json.version},MyUser.java,True,"Removed: set(), Added: {'equals'}",True,"Removed methods: {'getLogin', 'getPassword', 'getRoles'}",True,Logic changed,JAVA-22211 Upgrade dependencies versions for helidon-se module (#14389),Dependency Update
repos\tutorials,ad46c3d204be34882c2236153c40824a49b352d7,2023-07-15 12:44:20+05:30,io.helidon.webserver:helidon-webserver-netty,${helidon.version},${helidon-webserver-netty.version},WebApplicationSecurity.java,True,"Removed: {'from', 'fromConfig'}, Added: {'singletonList'}",False,None,True,Logic changed,JAVA-22211 Upgrade dependencies versions for helidon-se module (#14389),Dependency Update
repos\tutorials,ad46c3d204be34882c2236153c40824a49b352d7,2023-07-15 12:44:20+05:30,io.helidon.webserver:helidon-webserver-json,${helidon.version},${helidon-webserver-json.version},WebApplicationSecurity.java,True,"Removed: {'from', 'fromConfig'}, Added: {'singletonList'}",False,None,True,Logic changed,JAVA-22211 Upgrade dependencies versions for helidon-se module (#14389),Dependency Update
repos\tutorials,ad46c3d204be34882c2236153c40824a49b352d7,2023-07-15 12:44:20+05:30,io.helidon.webserver:helidon-webserver-netty,${helidon.version},${helidon-webserver-netty.version},SimpleWebApplication.java,True,"Removed: {'create'}, Added: {'addRouting'}",False,None,True,Logic changed,JAVA-22211 Upgrade dependencies versions for helidon-se module (#14389),Dependency Update
repos\tutorials,ad46c3d204be34882c2236153c40824a49b352d7,2023-07-15 12:44:20+05:30,io.helidon.webserver:helidon-webserver-json,${helidon.version},${helidon-webserver-json.version},SimpleWebApplication.java,True,"Removed: {'create'}, Added: {'addRouting'}",False,None,True,Logic changed,JAVA-22211 Upgrade dependencies versions for helidon-se module (#14389),Dependency Update
repos\tutorials,f82330cd1bbec5f2cdc886eee0cdc8e89563b3db,2023-07-27 19:27:17+03:00,io.hypersistence:hypersistence-utils-hibernate-60,3.3.1,${hypersistance-utils-hibernate-60.version},Department.java,False,None,False,None,True,Logic changed,JAVA-23344 Fix failing tests in hibernate-annotations (#14468),Bug Fix
repos\tutorials,f82330cd1bbec5f2cdc886eee0cdc8e89563b3db,2023-07-27 19:27:17+03:00,io.hypersistence:hypersistence-utils-hibernate-60,3.3.1,${hypersistance-utils-hibernate-60.version},PrimaryKeyJoinColumnIntegrationTest.java,False,None,False,None,True,Logic changed,JAVA-23344 Fix failing tests in hibernate-annotations (#14468),Bug Fix
repos\tutorials,c62680becb218c7d686d66b6c2e049651fdcf42e,2023-08-21 17:14:31+02:00,com.amazonaws:aws-java-sdk,1.12.523,${aws-java-sdk-version},FileService.java,False,None,False,None,True,Logic changed,Move the code to aws-module (#14622),Bug Fix
repos\tutorials,c62680becb218c7d686d66b6c2e049651fdcf42e,2023-08-21 17:14:31+02:00,com.amazonaws:aws-java-sdk,1.12.523,${aws-java-sdk-version},FileControllerUnitTest.java,True,"Removed: {'any', 'eq'}, Added: set()",False,None,True,Logic changed,Move the code to aws-module (#14622),Bug Fix
repos\tutorials,c62680becb218c7d686d66b6c2e049651fdcf42e,2023-08-21 17:14:31+02:00,com.amazonaws:aws-java-sdk,1.12.523,${aws-java-sdk-version},FileServiceUnitTest.java,True,"Removed: set(), Added: {'getOriginalFilename'}",False,None,True,Logic changed,Move the code to aws-module (#14622),Bug Fix
repos\tutorials,8532ae8aa9831f5adae8779d992b2a822b055d99,2023-08-25 13:55:50+02:00,io.rest-assured:rest-assured,5.3.1,${rest-assured.version},DynamicPropertiesIntegrationTest.java,False,None,False,None,False,None,BAEL-6649: code review #2,Other
repos\tutorials,8532ae8aa9831f5adae8779d992b2a822b055d99,2023-08-25 13:55:50+02:00,io.rest-assured:rest-assured,5.3.1,${rest-assured.version},LocalDevApplication.java,False,None,False,None,True,Logic changed,BAEL-6649: code review #2,Other
repos\tutorials,8532ae8aa9831f5adae8779d992b2a822b055d99,2023-08-25 13:55:50+02:00,io.rest-assured:rest-assured,5.3.1,${rest-assured.version},ServiceConnectionIntegrationTest.java,False,None,False,None,False,None,BAEL-6649: code review #2,Other
repos\tutorials,8772eaa67351c29e44db9c391225bb9602af2469,2023-10-15 15:28:15-04:00,com.fasterxml.jackson.core:jackson-databind,2.15.2,${jackson.databind.version} ,Message.java,True,"Removed: set(), Added: {'getInsertPosition', 'getMessageId'}",False,None,True,Logic changed,Single and Multiple Partition test.,Testing
repos\tutorials,ec251f847b550c513d6431ea34de0599e298c239,2023-11-12 16:35:46+02:00,io.rest-assured:json-path,${rest-assured.version},${json-path.version},Java9OptionalUnitTest.java,True,"Removed: set(), Added: {'stream', 'ifPresentOrElse', 'toList', 'assertThat', 'get', 'or', 'of', 'empty', 'collect', 'incrementAndGet', 'hasSameElementsAs', 'map', 'isEmpty', 'isEqualTo'}",False,None,True,Logic changed,[JAVA-26739] Upgraded json-path to latest version,Dependency Update
repos\tutorials,37bddcdfced3c7ea09c45ec3287c68ff6462ada7,2023-12-24 14:06:05+01:00,org.springframework.security:spring-security-messaging,${spring-security.version},${spring-security-messaging.version},AppConfig.java,False,None,False,None,True,Logic changed,JAVA-29331 Upgrade spring-security-web-sockets (#15468),Dependency Update
repos\tutorials,37bddcdfced3c7ea09c45ec3287c68ff6462ada7,2023-12-24 14:06:05+01:00,org.springframework.security:spring-security-messaging,${spring-security.version},${spring-security-messaging.version},DataStoreConfig.java,False,None,False,None,True,Logic changed,JAVA-29331 Upgrade spring-security-web-sockets (#15468),Dependency Update
repos\tutorials,37bddcdfced3c7ea09c45ec3287c68ff6462ada7,2023-12-24 14:06:05+01:00,org.springframework.security:spring-security-messaging,${spring-security.version},${spring-security-messaging.version},SecurityConfig.java,True,"Removed: {'antMatchers', 'and', 'authorizeRequests', 'disable'}, Added: {'requestMatchers', 'withDefaults', 'authorizeHttpRequests'}",False,None,True,Logic changed,JAVA-29331 Upgrade spring-security-web-sockets (#15468),Dependency Update
repos\tutorials,37bddcdfced3c7ea09c45ec3287c68ff6462ada7,2023-12-24 14:06:05+01:00,org.springframework.security:spring-security-messaging,${spring-security.version},${spring-security-messaging.version},SocketBrokerConfig.java,False,None,False,None,True,Logic changed,JAVA-29331 Upgrade spring-security-web-sockets (#15468),Dependency Update
repos\tutorials,37bddcdfced3c7ea09c45ec3287c68ff6462ada7,2023-12-24 14:06:05+01:00,org.springframework.security:spring-security-messaging,${spring-security.version},${spring-security-messaging.version},WebAppInitializer.java,False,None,False,None,True,Logic changed,JAVA-29331 Upgrade spring-security-web-sockets (#15468),Dependency Update
repos\tutorials,37bddcdfced3c7ea09c45ec3287c68ff6462ada7,2023-12-24 14:06:05+01:00,org.springframework.security:spring-security-messaging,${spring-security.version},${spring-security-messaging.version},CsrfTokenController.java,False,None,False,None,True,Logic changed,JAVA-29331 Upgrade spring-security-web-sockets (#15468),Dependency Update
repos\tutorials,37bddcdfced3c7ea09c45ec3287c68ff6462ada7,2023-12-24 14:06:05+01:00,org.springframework.security:spring-security-messaging,${spring-security.version},${spring-security-messaging.version},SocketController.java,False,None,False,None,True,Logic changed,JAVA-29331 Upgrade spring-security-web-sockets (#15468),Dependency Update
repos\tutorials,37bddcdfced3c7ea09c45ec3287c68ff6462ada7,2023-12-24 14:06:05+01:00,org.springframework.security:spring-security-messaging,${spring-security.version},${spring-security-messaging.version},Role.java,False,None,False,None,True,Logic changed,JAVA-29331 Upgrade spring-security-web-sockets (#15468),Dependency Update
repos\tutorials,37bddcdfced3c7ea09c45ec3287c68ff6462ada7,2023-12-24 14:06:05+01:00,org.springframework.security:spring-security-messaging,${spring-security.version},${spring-security-messaging.version},User.java,False,None,False,None,True,Logic changed,JAVA-29331 Upgrade spring-security-web-sockets (#15468),Dependency Update
repos\tutorials,37bddcdfced3c7ea09c45ec3287c68ff6462ada7,2023-12-24 14:06:05+01:00,org.springframework.security:spring-security-messaging,${spring-security.version},${spring-security-messaging.version},CustomAccessDeniedHandler.java,False,None,False,None,True,Logic changed,JAVA-29331 Upgrade spring-security-web-sockets (#15468),Dependency Update
repos\tutorials,37bddcdfced3c7ea09c45ec3287c68ff6462ada7,2023-12-24 14:06:05+01:00,org.springframework.security:spring-security-messaging,${spring-security.version},${spring-security-messaging.version},CustomLoginSuccessHandler.java,False,None,False,None,True,Logic changed,JAVA-29331 Upgrade spring-security-web-sockets (#15468),Dependency Update
repos\tutorials,37bddcdfced3c7ea09c45ec3287c68ff6462ada7,2023-12-24 14:06:05+01:00,org.springframework.security:spring-security-messaging,${spring-security.version},${spring-security-messaging.version},CustomLogoutSuccessHandler.java,False,None,False,None,True,Logic changed,JAVA-29331 Upgrade spring-security-web-sockets (#15468),Dependency Update
repos\tutorials,37bddcdfced3c7ea09c45ec3287c68ff6462ada7,2023-12-24 14:06:05+01:00,org.springframework.security:spring-security-messaging,${spring-security.version},${spring-security-messaging.version},CustomUserDetailsService.java,False,None,False,None,False,None,JAVA-29331 Upgrade spring-security-web-sockets (#15468),Dependency Update
repos\tutorials,9417ac26a3bba2e1aa1282aa8d934283912f6aa1,2024-02-05 21:23:13+01:00,org.hibernate:hibernate-core,${hibernate.version},${hibernate-core.version},PersonDaoIntegrationTest.java,True,"Removed: {'assertTrue'}, Added: set()",False,None,True,Logic changed,[JAVA-31115] Upgrade read-only-transactions to latest Hibernate and Spring Boot 3(#15814),Dependency Update
repos\tutorials,9417ac26a3bba2e1aa1282aa8d934283912f6aa1,2024-02-05 21:23:13+01:00,org.hibernate:hibernate-core,${hibernate.version},${hibernate-core.version},QueryDSLIntegrationTest.java,True,"Removed: set(), Added: {'valueOf'}",False,None,True,Logic changed,[JAVA-31115] Upgrade read-only-transactions to latest Hibernate and Spring Boot 3(#15814),Dependency Update
repos\tutorials,9417ac26a3bba2e1aa1282aa8d934283912f6aa1,2024-02-05 21:23:13+01:00,org.hibernate:hibernate-core,${hibernate.version},${hibernate-core.version},Book.java,False,None,False,None,True,Logic changed,[JAVA-31115] Upgrade read-only-transactions to latest Hibernate and Spring Boot 3(#15814),Dependency Update
repos\tutorials,9417ac26a3bba2e1aa1282aa8d934283912f6aa1,2024-02-05 21:23:13+01:00,org.hibernate:hibernate-core,${hibernate.version},${hibernate-core.version},BookService.java,False,None,False,None,True,Logic changed,[JAVA-31115] Upgrade read-only-transactions to latest Hibernate and Spring Boot 3(#15814),Dependency Update
repos\tutorials,9417ac26a3bba2e1aa1282aa8d934283912f6aa1,2024-02-05 21:23:13+01:00,org.hibernate:hibernate-core,${hibernate.version},${hibernate-core.version},Config.java,False,None,False,None,True,Logic changed,[JAVA-31115] Upgrade read-only-transactions to latest Hibernate and Spring Boot 3(#15814),Dependency Update
repos\tutorials,9417ac26a3bba2e1aa1282aa8d934283912f6aa1,2024-02-05 21:23:13+01:00,org.hibernate:hibernate-core,${hibernate.version},${hibernate-core.version},TransactionConfig.java,False,None,False,None,True,Logic changed,[JAVA-31115] Upgrade read-only-transactions to latest Hibernate and Spring Boot 3(#15814),Dependency Update
repos\tutorials,9417ac26a3bba2e1aa1282aa8d934283912f6aa1,2024-02-05 21:23:13+01:00,org.hibernate:hibernate-core,${hibernate.version},${hibernate-core.version},MyRepoJPA.java,False,None,False,None,True,Logic changed,[JAVA-31115] Upgrade read-only-transactions to latest Hibernate and Spring Boot 3(#15814),Dependency Update
repos\tutorials,9417ac26a3bba2e1aa1282aa8d934283912f6aa1,2024-02-05 21:23:13+01:00,org.hibernate:hibernate-core,${hibernate.version},${hibernate-core.version},Book.java,False,None,False,None,True,Logic changed,[JAVA-31115] Upgrade read-only-transactions to latest Hibernate and Spring Boot 3(#15814),Dependency Update
repos\tutorials,9417ac26a3bba2e1aa1282aa8d934283912f6aa1,2024-02-05 21:23:13+01:00,org.hibernate:hibernate-core,${hibernate.version},${hibernate-core.version},Config.java,False,None,False,None,True,Logic changed,[JAVA-31115] Upgrade read-only-transactions to latest Hibernate and Spring Boot 3(#15814),Dependency Update
repos\tutorials,9417ac26a3bba2e1aa1282aa8d934283912f6aa1,2024-02-05 21:23:13+01:00,org.hibernate:hibernate-core,${hibernate.version},${hibernate-core.version},BookEntity.java,False,None,False,None,True,Logic changed,[JAVA-31115] Upgrade read-only-transactions to latest Hibernate and Spring Boot 3(#15814),Dependency Update
repos\tutorials,9417ac26a3bba2e1aa1282aa8d934283912f6aa1,2024-02-05 21:23:13+01:00,org.hibernate:hibernate-core,${hibernate.version},${hibernate-core.version},BookRepository.java,False,None,False,None,True,Logic changed,[JAVA-31115] Upgrade read-only-transactions to latest Hibernate and Spring Boot 3(#15814),Dependency Update
repos\tutorials,9417ac26a3bba2e1aa1282aa8d934283912f6aa1,2024-02-05 21:23:13+01:00,org.hibernate:hibernate-core,${hibernate.version},${hibernate-core.version},JPATransactionIntegrationTest.java,False,None,False,None,True,Logic changed,[JAVA-31115] Upgrade read-only-transactions to latest Hibernate and Spring Boot 3(#15814),Dependency Update
repos\tutorials,9417ac26a3bba2e1aa1282aa8d934283912f6aa1,2024-02-05 21:23:13+01:00,org.hibernate:hibernate-core,${hibernate.version},${hibernate-core.version},SpringTransactionReadOnlyIntegrationTest.java,False,None,False,None,True,Logic changed,[JAVA-31115] Upgrade read-only-transactions to latest Hibernate and Spring Boot 3(#15814),Dependency Update
repos\tutorials,5b867428815949c954db25be42c3e3516a7a5dcb,2024-02-12 00:41:10+01:00,org.hibernate:hibernate-jpamodelgen,5.6.11.Final,${hibernate-jpamodelgen.version},User.java,False,None,False,None,True,Logic changed,JAVA-28958 :- Upgrade spring-data-jpa-repo-2 to Spring Boot 3 (#15826),Dependency Update
repos\tutorials,5b867428815949c954db25be42c3e3516a7a5dcb,2024-02-12 00:41:10+01:00,org.hibernate:hibernate-jpamodelgen,5.6.11.Final,${hibernate-jpamodelgen.version},CustomUserRepositoryImpl.java,False,None,False,None,True,Logic changed,JAVA-28958 :- Upgrade spring-data-jpa-repo-2 to Spring Boot 3 (#15826),Dependency Update
repos\tutorials,5b867428815949c954db25be42c3e3516a7a5dcb,2024-02-12 00:41:10+01:00,org.hibernate:hibernate-jpamodelgen,5.6.11.Final,${hibernate-jpamodelgen.version},Player.java,False,None,False,None,True,Logic changed,JAVA-28958 :- Upgrade spring-data-jpa-repo-2 to Spring Boot 3 (#15826),Dependency Update
repos\tutorials,5b867428815949c954db25be42c3e3516a7a5dcb,2024-02-12 00:41:10+01:00,org.hibernate:hibernate-jpamodelgen,5.6.11.Final,${hibernate-jpamodelgen.version},Book.java,False,None,False,None,True,Logic changed,JAVA-28958 :- Upgrade spring-data-jpa-repo-2 to Spring Boot 3 (#15826),Dependency Update
repos\tutorials,5b867428815949c954db25be42c3e3516a7a5dcb,2024-02-12 00:41:10+01:00,org.hibernate:hibernate-jpamodelgen,5.6.11.Final,${hibernate-jpamodelgen.version},Student.java,False,None,False,None,True,Logic changed,JAVA-28958 :- Upgrade spring-data-jpa-repo-2 to Spring Boot 3 (#15826),Dependency Update
repos\tutorials,5b867428815949c954db25be42c3e3516a7a5dcb,2024-02-12 00:41:10+01:00,org.hibernate:hibernate-jpamodelgen,5.6.11.Final,${hibernate-jpamodelgen.version},Employee.java,False,None,False,None,True,Logic changed,JAVA-28958 :- Upgrade spring-data-jpa-repo-2 to Spring Boot 3 (#15826),Dependency Update
repos\tutorials,5b867428815949c954db25be42c3e3516a7a5dcb,2024-02-12 00:41:10+01:00,org.hibernate:hibernate-jpamodelgen,5.6.11.Final,${hibernate-jpamodelgen.version},SpringDataJpaConfig.java,False,None,False,None,True,Logic changed,JAVA-28958 :- Upgrade spring-data-jpa-repo-2 to Spring Boot 3 (#15826),Dependency Update
repos\tutorials,5b867428815949c954db25be42c3e3516a7a5dcb,2024-02-12 00:41:10+01:00,org.hibernate:hibernate-jpamodelgen,5.6.11.Final,${hibernate-jpamodelgen.version},EmployeeRepositoryPagingAndSort.java,False,None,False,None,True,Logic changed,JAVA-28958 :- Upgrade spring-data-jpa-repo-2 to Spring Boot 3 (#15826),Dependency Update
repos\tutorials,5b867428815949c954db25be42c3e3516a7a5dcb,2024-02-12 00:41:10+01:00,org.hibernate:hibernate-jpamodelgen,5.6.11.Final,${hibernate-jpamodelgen.version},StudentApplicationUnitTest.java,False,None,False,None,True,Logic changed,JAVA-28958 :- Upgrade spring-data-jpa-repo-2 to Spring Boot 3 (#15826),Dependency Update
repos\tutorials,5b867428815949c954db25be42c3e3516a7a5dcb,2024-02-12 00:41:10+01:00,org.hibernate:hibernate-jpamodelgen,5.6.11.Final,${hibernate-jpamodelgen.version},JpaDaoIntegrationTest.java,False,None,False,None,True,Logic changed,JAVA-28958 :- Upgrade spring-data-jpa-repo-2 to Spring Boot 3 (#15826),Dependency Update
repos\tutorials,3cd8d990e3f837fdc887af9f6adf150158c087c6,2024-02-12 21:15:52+01:00,com.google.guava:guava,31.0.1-jre,${guava.version},Application.java,False,None,False,None,False,None,JAVA-29298: Update spring-security-opa to parent-boot-3. (#15827),Dependency Update
repos\tutorials,3cd8d990e3f837fdc887af9f6adf150158c087c6,2024-02-12 21:15:52+01:00,com.google.guava:guava,31.0.1-jre,${guava.version},OpaConfiguration.java,False,None,False,None,False,None,JAVA-29298: Update spring-security-opa to parent-boot-3. (#15827),Dependency Update
repos\tutorials,3cd8d990e3f837fdc887af9f6adf150158c087c6,2024-02-12 21:15:52+01:00,com.google.guava:guava,31.0.1-jre,${guava.version},OpaProperties.java,False,None,False,None,True,Logic changed,JAVA-29298: Update spring-security-opa to parent-boot-3. (#15827),Dependency Update
repos\tutorials,3cd8d990e3f837fdc887af9f6adf150158c087c6,2024-02-12 21:15:52+01:00,com.google.guava:guava,31.0.1-jre,${guava.version},SecurityConfiguration.java,True,"Removed: {'and', 'asList', 'getAuthority'}, Added: {'withDefaults', 'singletonList'}",False,None,True,Logic changed,JAVA-29298: Update spring-security-opa to parent-boot-3. (#15827),Dependency Update
repos\tutorials,3cd8d990e3f837fdc887af9f6adf150158c087c6,2024-02-12 21:15:52+01:00,com.google.guava:guava,31.0.1-jre,${guava.version},AccountController.java,False,None,False,None,False,None,JAVA-29298: Update spring-security-opa to parent-boot-3. (#15827),Dependency Update
repos\tutorials,3cd8d990e3f837fdc887af9f6adf150158c087c6,2024-02-12 21:15:52+01:00,com.google.guava:guava,31.0.1-jre,${guava.version},Account.java,False,None,False,None,True,Logic changed,JAVA-29298: Update spring-security-opa to parent-boot-3. (#15827),Dependency Update
repos\tutorials,3cd8d990e3f837fdc887af9f6adf150158c087c6,2024-02-12 21:15:52+01:00,com.google.guava:guava,31.0.1-jre,${guava.version},AccountService.java,False,None,False,None,True,Logic changed,JAVA-29298: Update spring-security-opa to parent-boot-3. (#15827),Dependency Update
repos\tutorials,3cd8d990e3f837fdc887af9f6adf150158c087c6,2024-02-12 21:15:52+01:00,com.google.guava:guava,31.0.1-jre,${guava.version},AccountControllerLiveTest.java,False,None,False,None,False,None,JAVA-29298: Update spring-security-opa to parent-boot-3. (#15827),Dependency Update
repos\tutorials,bd36eddecaa79e19316fd270790822eec7de7731,2024-02-20 01:19:05+01:00,org.springframework.security:spring-security-web,${spring-security.version},${spring.version},RestController.java,False,None,False,None,True,Logic changed,JAVA-29315: Upgrade spring-security-web-react to parent-spring-6 (#15920),Dependency Update
repos\tutorials,bd36eddecaa79e19316fd270790822eec7de7731,2024-02-20 01:19:05+01:00,org.springframework.security:spring-security-config,${spring-security.version},${spring.version},RestController.java,False,None,False,None,True,Logic changed,JAVA-29315: Upgrade spring-security-web-react to parent-spring-6 (#15920),Dependency Update
repos\tutorials,bd36eddecaa79e19316fd270790822eec7de7731,2024-02-20 01:19:05+01:00,org.springframework.security:spring-security-taglibs,${spring-security.version},${spring.version},RestController.java,False,None,False,None,True,Logic changed,JAVA-29315: Upgrade spring-security-web-react to parent-spring-6 (#15920),Dependency Update
repos\tutorials,bd36eddecaa79e19316fd270790822eec7de7731,2024-02-20 01:19:05+01:00,org.springframework.boot:spring-boot-starter-test,${spring-boot-starter-test.version},${spring-boot.version},RestController.java,False,None,False,None,True,Logic changed,JAVA-29315: Upgrade spring-security-web-react to parent-spring-6 (#15920),Dependency Update
repos\tutorials,bd36eddecaa79e19316fd270790822eec7de7731,2024-02-20 01:19:05+01:00,org.springframework.security:spring-security-web,${spring-security.version},${spring.version},SecSecurityConfig.java,True,"Removed: {'antMatchers', 'and', 'authorizeRequests'}, Added: {'requestMatchers', 'authorizeHttpRequests'}",False,None,True,Logic changed,JAVA-29315: Upgrade spring-security-web-react to parent-spring-6 (#15920),Dependency Update
repos\tutorials,bd36eddecaa79e19316fd270790822eec7de7731,2024-02-20 01:19:05+01:00,org.springframework.security:spring-security-config,${spring-security.version},${spring.version},SecSecurityConfig.java,True,"Removed: {'antMatchers', 'and', 'authorizeRequests'}, Added: {'requestMatchers', 'authorizeHttpRequests'}",False,None,True,Logic changed,JAVA-29315: Upgrade spring-security-web-react to parent-spring-6 (#15920),Dependency Update
repos\tutorials,bd36eddecaa79e19316fd270790822eec7de7731,2024-02-20 01:19:05+01:00,org.springframework.security:spring-security-taglibs,${spring-security.version},${spring.version},SecSecurityConfig.java,True,"Removed: {'antMatchers', 'and', 'authorizeRequests'}, Added: {'requestMatchers', 'authorizeHttpRequests'}",False,None,True,Logic changed,JAVA-29315: Upgrade spring-security-web-react to parent-spring-6 (#15920),Dependency Update
repos\tutorials,bd36eddecaa79e19316fd270790822eec7de7731,2024-02-20 01:19:05+01:00,org.springframework.boot:spring-boot-starter-test,${spring-boot-starter-test.version},${spring-boot.version},SecSecurityConfig.java,True,"Removed: {'antMatchers', 'and', 'authorizeRequests'}, Added: {'requestMatchers', 'authorizeHttpRequests'}",False,None,True,Logic changed,JAVA-29315: Upgrade spring-security-web-react to parent-spring-6 (#15920),Dependency Update
repos\tutorials,bd36eddecaa79e19316fd270790822eec7de7731,2024-02-20 01:19:05+01:00,org.springframework.security:spring-security-web,${spring-security.version},${spring.version},SpringContextTest.java,False,None,False,None,True,Logic changed,JAVA-29315: Upgrade spring-security-web-react to parent-spring-6 (#15920),Dependency Update
repos\tutorials,bd36eddecaa79e19316fd270790822eec7de7731,2024-02-20 01:19:05+01:00,org.springframework.security:spring-security-config,${spring-security.version},${spring.version},SpringContextTest.java,False,None,False,None,True,Logic changed,JAVA-29315: Upgrade spring-security-web-react to parent-spring-6 (#15920),Dependency Update
repos\tutorials,bd36eddecaa79e19316fd270790822eec7de7731,2024-02-20 01:19:05+01:00,org.springframework.security:spring-security-taglibs,${spring-security.version},${spring.version},SpringContextTest.java,False,None,False,None,True,Logic changed,JAVA-29315: Upgrade spring-security-web-react to parent-spring-6 (#15920),Dependency Update
repos\tutorials,bd36eddecaa79e19316fd270790822eec7de7731,2024-02-20 01:19:05+01:00,org.springframework.boot:spring-boot-starter-test,${spring-boot-starter-test.version},${spring-boot.version},SpringContextTest.java,False,None,False,None,True,Logic changed,JAVA-29315: Upgrade spring-security-web-react to parent-spring-6 (#15920),Dependency Update
repos\tutorials,40952ba2cc634c992635c5dc67c1edd822e05a56,2024-02-25 22:43:19+01:00,org.projectlombok:lombok,${lombok.version},1.18.30,WebConfig.java,False,None,False,None,True,Logic changed,BAEL-7136: Remove spring-testing dependency on the parent POM and fix the dependencies to fix the integration tests (#15940),Bug Fix
repos\tutorials,375015808dac72e76008e23a88029226f7aa56fd,2024-03-09 16:46:05+02:00,com.datastax.oss:java-driver-mapper-runtime,4.15.0,4.17.0,ProductRepositoryNestedLiveTest.java,True,"Removed: {'of'}, Added: {'asList', 'singletonList'}",False,None,True,Logic changed,JAVA-29179 Upgrade spring-data-cassandra-2 to Spring Boot 3 (#16066),Dependency Update
repos\tutorials,375015808dac72e76008e23a88029226f7aa56fd,2024-03-09 16:46:05+02:00,com.datastax.oss:java-driver-mapper-runtime,4.15.0,4.17.0,MapperLiveTest.java,False,None,False,None,True,Logic changed,JAVA-29179 Upgrade spring-data-cassandra-2 to Spring Boot 3 (#16066),Dependency Update
repos\tutorials,375015808dac72e76008e23a88029226f7aa56fd,2024-03-09 16:46:05+02:00,com.datastax.oss:java-driver-mapper-runtime,4.15.0,4.17.0,CassandraNestedLiveTest.java,True,"Removed: {'of'}, Added: {'singletonList'}",False,None,True,Logic changed,JAVA-29179 Upgrade spring-data-cassandra-2 to Spring Boot 3 (#16066),Dependency Update
repos\tutorials,375015808dac72e76008e23a88029226f7aa56fd,2024-03-09 16:46:05+02:00,com.datastax.oss:java-driver-mapper-runtime,4.15.0,4.17.0,CassandraSimpleLiveTest.java,False,None,False,None,True,Logic changed,JAVA-29179 Upgrade spring-data-cassandra-2 to Spring Boot 3 (#16066),Dependency Update
repos\tutorials,9ba457268618e0ce2328c8c9b764b38e69162566,2024-03-19 22:42:29+01:00,org.springframework.security:spring-security-web,${org.springframework.security.version},${spring.version},MySimpleUrlAuthenticationSuccessHandler.java,False,None,False,None,True,Logic changed,JAVA-29314: Changes made for Upgrade spring-security-web-persistent-login to spring-boot 3 (#16173),Dependency Update
repos\tutorials,9ba457268618e0ce2328c8c9b764b38e69162566,2024-03-19 22:42:29+01:00,org.springframework.security:spring-security-config,${org.springframework.security.version},${spring.version},MySimpleUrlAuthenticationSuccessHandler.java,False,None,False,None,True,Logic changed,JAVA-29314: Changes made for Upgrade spring-security-web-persistent-login to spring-boot 3 (#16173),Dependency Update
repos\tutorials,9ba457268618e0ce2328c8c9b764b38e69162566,2024-03-19 22:42:29+01:00,org.springframework.security:spring-security-taglibs,${org.springframework.security.version},${spring.version},MySimpleUrlAuthenticationSuccessHandler.java,False,None,False,None,True,Logic changed,JAVA-29314: Changes made for Upgrade spring-security-web-persistent-login to spring-boot 3 (#16173),Dependency Update
repos\tutorials,9ba457268618e0ce2328c8c9b764b38e69162566,2024-03-19 22:42:29+01:00,org.springframework.security:spring-security-web,${org.springframework.security.version},${spring.version},MvcConfig.java,False,None,False,None,True,Logic changed,JAVA-29314: Changes made for Upgrade spring-security-web-persistent-login to spring-boot 3 (#16173),Dependency Update
repos\tutorials,9ba457268618e0ce2328c8c9b764b38e69162566,2024-03-19 22:42:29+01:00,org.springframework.security:spring-security-config,${org.springframework.security.version},${spring.version},MvcConfig.java,False,None,False,None,True,Logic changed,JAVA-29314: Changes made for Upgrade spring-security-web-persistent-login to spring-boot 3 (#16173),Dependency Update
repos\tutorials,9ba457268618e0ce2328c8c9b764b38e69162566,2024-03-19 22:42:29+01:00,org.springframework.security:spring-security-taglibs,${org.springframework.security.version},${spring.version},MvcConfig.java,False,None,False,None,True,Logic changed,JAVA-29314: Changes made for Upgrade spring-security-web-persistent-login to spring-boot 3 (#16173),Dependency Update
repos\tutorials,7d14d37fda9fa878be3a6855751d5d20fd78a460,2024-03-28 10:49:04+01:00,org.springframework.modulith:spring-modulith-events-api,${spring-modulith-events-kafka.version},${spring-modulith.version},Order.java,False,None,False,Parse Error,True,Fallback textual change,BAEL-7547: formatting & code review,Code Formatting
repos\tutorials,7d14d37fda9fa878be3a6855751d5d20fd78a460,2024-03-28 10:49:04+01:00,org.springframework.modulith:spring-modulith-events-kafka,${spring-modulith-events-kafka.version},${spring-modulith.version},Order.java,False,None,False,Parse Error,True,Fallback textual change,BAEL-7547: formatting & code review,Code Formatting
repos\tutorials,7d14d37fda9fa878be3a6855751d5d20fd78a460,2024-03-28 10:49:04+01:00,org.springframework.modulith:spring-modulith-starter-jpa,${spring-modulith-events-kafka.version},${spring-modulith.version},Order.java,False,None,False,Parse Error,True,Fallback textual change,BAEL-7547: formatting & code review,Code Formatting
repos\tutorials,7d14d37fda9fa878be3a6855751d5d20fd78a460,2024-03-28 10:49:04+01:00,org.springframework.modulith:spring-modulith-starter-test,1.1.3,${spring-modulith.version},Order.java,False,None,False,Parse Error,True,Fallback textual change,BAEL-7547: formatting & code review,Code Formatting
repos\tutorials,7d14d37fda9fa878be3a6855751d5d20fd78a460,2024-03-28 10:49:04+01:00,com.h2database:h2,2.2.224,${h2.version},Order.java,False,None,False,Parse Error,True,Fallback textual change,BAEL-7547: formatting & code review,Code Formatting
repos\tutorials,7d14d37fda9fa878be3a6855751d5d20fd78a460,2024-03-28 10:49:04+01:00,org.springframework.modulith:spring-modulith-events-api,${spring-modulith-events-kafka.version},${spring-modulith.version},OrderRepository.java,False,None,False,None,True,Logic changed,BAEL-7547: formatting & code review,Code Formatting
repos\tutorials,7d14d37fda9fa878be3a6855751d5d20fd78a460,2024-03-28 10:49:04+01:00,org.springframework.modulith:spring-modulith-events-kafka,${spring-modulith-events-kafka.version},${spring-modulith.version},OrderRepository.java,False,None,False,None,True,Logic changed,BAEL-7547: formatting & code review,Code Formatting
repos\tutorials,7d14d37fda9fa878be3a6855751d5d20fd78a460,2024-03-28 10:49:04+01:00,org.springframework.modulith:spring-modulith-starter-jpa,${spring-modulith-events-kafka.version},${spring-modulith.version},OrderRepository.java,False,None,False,None,True,Logic changed,BAEL-7547: formatting & code review,Code Formatting
repos\tutorials,7d14d37fda9fa878be3a6855751d5d20fd78a460,2024-03-28 10:49:04+01:00,org.springframework.modulith:spring-modulith-starter-test,1.1.3,${spring-modulith.version},OrderRepository.java,False,None,False,None,True,Logic changed,BAEL-7547: formatting & code review,Code Formatting
repos\tutorials,7d14d37fda9fa878be3a6855751d5d20fd78a460,2024-03-28 10:49:04+01:00,com.h2database:h2,2.2.224,${h2.version},OrderRepository.java,False,None,False,None,True,Logic changed,BAEL-7547: formatting & code review,Code Formatting
repos\tutorials,7d14d37fda9fa878be3a6855751d5d20fd78a460,2024-03-28 10:49:04+01:00,org.springframework.modulith:spring-modulith-events-api,${spring-modulith-events-kafka.version},${spring-modulith.version},OrderService.java,False,None,False,None,True,Logic changed,BAEL-7547: formatting & code review,Code Formatting
repos\tutorials,7d14d37fda9fa878be3a6855751d5d20fd78a460,2024-03-28 10:49:04+01:00,org.springframework.modulith:spring-modulith-events-kafka,${spring-modulith-events-kafka.version},${spring-modulith.version},OrderService.java,False,None,False,None,True,Logic changed,BAEL-7547: formatting & code review,Code Formatting
repos\tutorials,7d14d37fda9fa878be3a6855751d5d20fd78a460,2024-03-28 10:49:04+01:00,org.springframework.modulith:spring-modulith-starter-jpa,${spring-modulith-events-kafka.version},${spring-modulith.version},OrderService.java,False,None,False,None,True,Logic changed,BAEL-7547: formatting & code review,Code Formatting
repos\tutorials,7d14d37fda9fa878be3a6855751d5d20fd78a460,2024-03-28 10:49:04+01:00,org.springframework.modulith:spring-modulith-starter-test,1.1.3,${spring-modulith.version},OrderService.java,False,None,False,None,True,Logic changed,BAEL-7547: formatting & code review,Code Formatting
repos\tutorials,7d14d37fda9fa878be3a6855751d5d20fd78a460,2024-03-28 10:49:04+01:00,com.h2database:h2,2.2.224,${h2.version},OrderService.java,False,None,False,None,True,Logic changed,BAEL-7547: formatting & code review,Code Formatting
repos\tutorials,7d14d37fda9fa878be3a6855751d5d20fd78a460,2024-03-28 10:49:04+01:00,org.springframework.modulith:spring-modulith-events-api,${spring-modulith-events-kafka.version},${spring-modulith.version},LoyalCustomersRepository.java,False,None,False,Parse Error,True,Fallback textual change,BAEL-7547: formatting & code review,Code Formatting
repos\tutorials,7d14d37fda9fa878be3a6855751d5d20fd78a460,2024-03-28 10:49:04+01:00,org.springframework.modulith:spring-modulith-events-kafka,${spring-modulith-events-kafka.version},${spring-modulith.version},LoyalCustomersRepository.java,False,None,False,Parse Error,True,Fallback textual change,BAEL-7547: formatting & code review,Code Formatting
repos\tutorials,7d14d37fda9fa878be3a6855751d5d20fd78a460,2024-03-28 10:49:04+01:00,org.springframework.modulith:spring-modulith-starter-jpa,${spring-modulith-events-kafka.version},${spring-modulith.version},LoyalCustomersRepository.java,False,None,False,Parse Error,True,Fallback textual change,BAEL-7547: formatting & code review,Code Formatting
repos\tutorials,7d14d37fda9fa878be3a6855751d5d20fd78a460,2024-03-28 10:49:04+01:00,org.springframework.modulith:spring-modulith-starter-test,1.1.3,${spring-modulith.version},LoyalCustomersRepository.java,False,None,False,Parse Error,True,Fallback textual change,BAEL-7547: formatting & code review,Code Formatting
repos\tutorials,7d14d37fda9fa878be3a6855751d5d20fd78a460,2024-03-28 10:49:04+01:00,com.h2database:h2,2.2.224,${h2.version},LoyalCustomersRepository.java,False,None,False,Parse Error,True,Fallback textual change,BAEL-7547: formatting & code review,Code Formatting
repos\tutorials,7d14d37fda9fa878be3a6855751d5d20fd78a460,2024-03-28 10:49:04+01:00,org.springframework.modulith:spring-modulith-events-api,${spring-modulith-events-kafka.version},${spring-modulith.version},LoyaltyPointsService.java,False,None,False,None,True,Logic changed,BAEL-7547: formatting & code review,Code Formatting
repos\tutorials,7d14d37fda9fa878be3a6855751d5d20fd78a460,2024-03-28 10:49:04+01:00,org.springframework.modulith:spring-modulith-events-kafka,${spring-modulith-events-kafka.version},${spring-modulith.version},LoyaltyPointsService.java,False,None,False,None,True,Logic changed,BAEL-7547: formatting & code review,Code Formatting
repos\tutorials,7d14d37fda9fa878be3a6855751d5d20fd78a460,2024-03-28 10:49:04+01:00,org.springframework.modulith:spring-modulith-starter-jpa,${spring-modulith-events-kafka.version},${spring-modulith.version},LoyaltyPointsService.java,False,None,False,None,True,Logic changed,BAEL-7547: formatting & code review,Code Formatting
repos\tutorials,7d14d37fda9fa878be3a6855751d5d20fd78a460,2024-03-28 10:49:04+01:00,org.springframework.modulith:spring-modulith-starter-test,1.1.3,${spring-modulith.version},LoyaltyPointsService.java,False,None,False,None,True,Logic changed,BAEL-7547: formatting & code review,Code Formatting
repos\tutorials,7d14d37fda9fa878be3a6855751d5d20fd78a460,2024-03-28 10:49:04+01:00,com.h2database:h2,2.2.224,${h2.version},LoyaltyPointsService.java,False,None,False,None,True,Logic changed,BAEL-7547: formatting & code review,Code Formatting
repos\tutorials,7d14d37fda9fa878be3a6855751d5d20fd78a460,2024-03-28 10:49:04+01:00,org.springframework.modulith:spring-modulith-events-api,${spring-modulith-events-kafka.version},${spring-modulith.version},EventListenerUnitTest.java,False,None,False,None,True,Logic changed,BAEL-7547: formatting & code review,Code Formatting
repos\tutorials,7d14d37fda9fa878be3a6855751d5d20fd78a460,2024-03-28 10:49:04+01:00,org.springframework.modulith:spring-modulith-events-kafka,${spring-modulith-events-kafka.version},${spring-modulith.version},EventListenerUnitTest.java,False,None,False,None,True,Logic changed,BAEL-7547: formatting & code review,Code Formatting
repos\tutorials,7d14d37fda9fa878be3a6855751d5d20fd78a460,2024-03-28 10:49:04+01:00,org.springframework.modulith:spring-modulith-starter-jpa,${spring-modulith-events-kafka.version},${spring-modulith.version},EventListenerUnitTest.java,False,None,False,None,True,Logic changed,BAEL-7547: formatting & code review,Code Formatting
repos\tutorials,7d14d37fda9fa878be3a6855751d5d20fd78a460,2024-03-28 10:49:04+01:00,org.springframework.modulith:spring-modulith-starter-test,1.1.3,${spring-modulith.version},EventListenerUnitTest.java,False,None,False,None,True,Logic changed,BAEL-7547: formatting & code review,Code Formatting
repos\tutorials,7d14d37fda9fa878be3a6855751d5d20fd78a460,2024-03-28 10:49:04+01:00,com.h2database:h2,2.2.224,${h2.version},EventListenerUnitTest.java,False,None,False,None,True,Logic changed,BAEL-7547: formatting & code review,Code Formatting
repos\tutorials,55769583dd042f8cb17c5da4c608e87ddb463310,2024-04-15 07:54:29+02:00,jakarta.persistence:jakarta.persistence-api,3.1.0,${jakarta.persistence-api.version},EntityWithJakartaAnnotation.java,False,None,False,None,True,Logic changed,BAEL-6346 - Fixes according to editor comments,Bug Fix
repos\tutorials,55769583dd042f8cb17c5da4c608e87ddb463310,2024-04-15 07:54:29+02:00,jakarta.persistence:jakarta.persistence-api,3.1.0,${jakarta.persistence-api.version},EntityWithJakartaAnnotationApplication.java,False,None,False,None,True,Logic changed,BAEL-6346 - Fixes according to editor comments,Bug Fix
repos\tutorials,55769583dd042f8cb17c5da4c608e87ddb463310,2024-04-15 07:54:29+02:00,jakarta.persistence:jakarta.persistence-api,3.1.0,${jakarta.persistence-api.version},EntityWithJakartaAnnotationRepository.java,False,None,False,None,True,Logic changed,BAEL-6346 - Fixes according to editor comments,Bug Fix
repos\tutorials,55769583dd042f8cb17c5da4c608e87ddb463310,2024-04-15 07:54:29+02:00,jakarta.persistence:jakarta.persistence-api,3.1.0,${jakarta.persistence-api.version},EntityWithoutAnnotation.java,False,None,False,None,True,Logic changed,BAEL-6346 - Fixes according to editor comments,Bug Fix
repos\tutorials,55769583dd042f8cb17c5da4c608e87ddb463310,2024-04-15 07:54:29+02:00,jakarta.persistence:jakarta.persistence-api,3.1.0,${jakarta.persistence-api.version},EntityWithoutAnnotationApplication.java,False,None,False,None,True,Logic changed,BAEL-6346 - Fixes according to editor comments,Bug Fix
repos\tutorials,55769583dd042f8cb17c5da4c608e87ddb463310,2024-04-15 07:54:29+02:00,jakarta.persistence:jakarta.persistence-api,3.1.0,${jakarta.persistence-api.version},EntityWithoutAnnotationRepository.java,False,None,False,None,True,Logic changed,BAEL-6346 - Fixes according to editor comments,Bug Fix
repos\tutorials,55769583dd042f8cb17c5da4c608e87ddb463310,2024-04-15 07:54:29+02:00,jakarta.persistence:jakarta.persistence-api,3.1.0,${jakarta.persistence-api.version},EntityWithoutAnnotationFixed.java,False,None,False,None,True,Logic changed,BAEL-6346 - Fixes according to editor comments,Bug Fix
repos\tutorials,55769583dd042f8cb17c5da4c608e87ddb463310,2024-04-15 07:54:29+02:00,jakarta.persistence:jakarta.persistence-api,3.1.0,${jakarta.persistence-api.version},EntityWithoutAnnotationFixedApplication.java,False,None,False,None,True,Logic changed,BAEL-6346 - Fixes according to editor comments,Bug Fix
repos\tutorials,55769583dd042f8cb17c5da4c608e87ddb463310,2024-04-15 07:54:29+02:00,jakarta.persistence:jakarta.persistence-api,3.1.0,${jakarta.persistence-api.version},EntityWithoutAnnotationFixedRepository.java,False,None,False,None,True,Logic changed,BAEL-6346 - Fixes according to editor comments,Bug Fix
repos\tutorials,55769583dd042f8cb17c5da4c608e87ddb463310,2024-04-15 07:54:29+02:00,jakarta.persistence:jakarta.persistence-api,3.1.0,${jakarta.persistence-api.version},WrongEntityScanApplication.java,False,None,False,None,True,Logic changed,BAEL-6346 - Fixes according to editor comments,Bug Fix
repos\tutorials,55769583dd042f8cb17c5da4c608e87ddb463310,2024-04-15 07:54:29+02:00,jakarta.persistence:jakarta.persistence-api,3.1.0,${jakarta.persistence-api.version},CorrectEntity.java,False,None,False,None,True,Logic changed,BAEL-6346 - Fixes according to editor comments,Bug Fix
repos\tutorials,55769583dd042f8cb17c5da4c608e87ddb463310,2024-04-15 07:54:29+02:00,jakarta.persistence:jakarta.persistence-api,3.1.0,${jakarta.persistence-api.version},WrongEntityScanFixedApplication.java,False,None,False,None,True,Logic changed,BAEL-6346 - Fixes according to editor comments,Bug Fix
repos\tutorials,55769583dd042f8cb17c5da4c608e87ddb463310,2024-04-15 07:54:29+02:00,jakarta.persistence:jakarta.persistence-api,3.1.0,${jakarta.persistence-api.version},NotManagedTypeExceptionIntegrationTest.java,False,None,True,"Removed methods: {'givenWrongEntityScanApplicationFixedWhenBootstrapThenRepositoryBeanShouldBePresentInContext', 'givenEntityWithoutAnnotationApplicationFixedWhenBootstrapThenRepositoryBeanShouldBePresentInContext', 'givenEntityWithJakartaAnnotationApplicationWhenBootstrapThenExpectedExceptionThrown', 'givenWrongEntityScanApplicationWhenBootstrapThenExpectedExceptionThrown', 'givenEntityWithoutAnnotationApplicationWhenBootstrapThenExpectedExceptionThrown'}",True,Logic changed,BAEL-6346 - Fixes according to editor comments,Bug Fix
repos\tutorials,f36ab6c06b09249a11231b34c974dfafbb153e80,2024-04-17 12:15:48+03:00,org.testcontainers:testcontainers,1.14.3,${testcontainers.version},ServiceDiscoveryBooksClientLiveTest.java,False,None,False,None,True,Logic changed,JAVA-31141:- Fix spring-cloud-eureka-feign-client-integration-test - ServiceDiscoveryBooksClientLiveTest (#16407),Bug Fix
repos\tutorials,db348f050d64e5b667d673a2e9d6b24d6582f313,2024-04-27 15:49:57-04:00,com.fasterxml.jackson.core:jackson-databind,2.17.0,${jackson.version},Address.java,False,None,False,None,False,None,BAEL-7831 Refactoring Casting maps to objects,Refactoring
repos\tutorials,db348f050d64e5b667d673a2e9d6b24d6582f313,2024-04-27 15:49:57-04:00,com.google.code.gson:gson,2.10.1,${gson.version},Address.java,False,None,False,None,False,None,BAEL-7831 Refactoring Casting maps to objects,Refactoring
repos\tutorials,db348f050d64e5b667d673a2e9d6b24d6582f313,2024-04-27 15:49:57-04:00,commons-beanutils:commons-beanutils,1.9.4,${beanutils.version},Address.java,False,None,False,None,False,None,BAEL-7831 Refactoring Casting maps to objects,Refactoring
repos\tutorials,db348f050d64e5b667d673a2e9d6b24d6582f313,2024-04-27 15:49:57-04:00,com.fasterxml.jackson.core:jackson-databind,2.17.0,${jackson.version},Country.java,False,None,False,None,False,None,BAEL-7831 Refactoring Casting maps to objects,Refactoring
repos\tutorials,db348f050d64e5b667d673a2e9d6b24d6582f313,2024-04-27 15:49:57-04:00,com.google.code.gson:gson,2.10.1,${gson.version},Country.java,False,None,False,None,False,None,BAEL-7831 Refactoring Casting maps to objects,Refactoring
repos\tutorials,db348f050d64e5b667d673a2e9d6b24d6582f313,2024-04-27 15:49:57-04:00,commons-beanutils:commons-beanutils,1.9.4,${beanutils.version},Country.java,False,None,False,None,False,None,BAEL-7831 Refactoring Casting maps to objects,Refactoring
repos\tutorials,db348f050d64e5b667d673a2e9d6b24d6582f313,2024-04-27 15:49:57-04:00,com.fasterxml.jackson.core:jackson-databind,2.17.0,${jackson.version},CastingMapToObjectUnitTest.java,True,"Removed: set(), Added: {'put', 'assertThrows', 'assertEqualsUserAndMap'}",False,None,True,Logic changed,BAEL-7831 Refactoring Casting maps to objects,Refactoring
repos\tutorials,db348f050d64e5b667d673a2e9d6b24d6582f313,2024-04-27 15:49:57-04:00,com.google.code.gson:gson,2.10.1,${gson.version},CastingMapToObjectUnitTest.java,True,"Removed: set(), Added: {'put', 'assertThrows', 'assertEqualsUserAndMap'}",False,None,True,Logic changed,BAEL-7831 Refactoring Casting maps to objects,Refactoring
repos\tutorials,db348f050d64e5b667d673a2e9d6b24d6582f313,2024-04-27 15:49:57-04:00,commons-beanutils:commons-beanutils,1.9.4,${beanutils.version},CastingMapToObjectUnitTest.java,True,"Removed: set(), Added: {'put', 'assertThrows', 'assertEqualsUserAndMap'}",False,None,True,Logic changed,BAEL-7831 Refactoring Casting maps to objects,Refactoring
repos\tutorials,ab55639f30d7a02350b405bff2e4678633324ce5,2024-06-01 08:58:30+01:00,org.junit.jupiter:junit-jupiter-api,5.8.1,${junit-jupiter.version},Character.java,False,None,False,None,False,None,BAEL-7681: Add java casting vs class cast operator module,Feature Addition
repos\tutorials,ab55639f30d7a02350b405bff2e4678633324ce5,2024-06-01 08:58:30+01:00,org.junit.jupiter:junit-jupiter-engine,5.8.1,${jupiter.engine.version},Character.java,False,None,False,None,False,None,BAEL-7681: Add java casting vs class cast operator module,Feature Addition
repos\tutorials,ab55639f30d7a02350b405bff2e4678633324ce5,2024-06-01 08:58:30+01:00,org.junit.jupiter:junit-jupiter-api,5.8.1,${junit-jupiter.version},Commander.java,True,"Removed: {'printf'}, Added: {'info'}",False,None,True,Logic changed,BAEL-7681: Add java casting vs class cast operator module,Feature Addition
repos\tutorials,ab55639f30d7a02350b405bff2e4678633324ce5,2024-06-01 08:58:30+01:00,org.junit.jupiter:junit-jupiter-engine,5.8.1,${jupiter.engine.version},Commander.java,True,"Removed: {'printf'}, Added: {'info'}",False,None,True,Logic changed,BAEL-7681: Add java casting vs class cast operator module,Feature Addition
repos\tutorials,ab55639f30d7a02350b405bff2e4678633324ce5,2024-06-01 08:58:30+01:00,org.junit.jupiter:junit-jupiter-api,5.8.1,${junit-jupiter.version},Warrior.java,True,"Removed: {'printf'}, Added: {'info'}",False,None,True,Logic changed,BAEL-7681: Add java casting vs class cast operator module,Feature Addition
repos\tutorials,ab55639f30d7a02350b405bff2e4678633324ce5,2024-06-01 08:58:30+01:00,org.junit.jupiter:junit-jupiter-engine,5.8.1,${jupiter.engine.version},Warrior.java,True,"Removed: {'printf'}, Added: {'info'}",False,None,True,Logic changed,BAEL-7681: Add java casting vs class cast operator module,Feature Addition
repos\tutorials,ab55639f30d7a02350b405bff2e4678633324ce5,2024-06-01 08:58:30+01:00,org.junit.jupiter:junit-jupiter-api,5.8.1,${junit-jupiter.version},PlayGameUnitTest.java,False,None,False,None,True,Logic changed,BAEL-7681: Add java casting vs class cast operator module,Feature Addition
repos\tutorials,ab55639f30d7a02350b405bff2e4678633324ce5,2024-06-01 08:58:30+01:00,org.junit.jupiter:junit-jupiter-engine,5.8.1,${jupiter.engine.version},PlayGameUnitTest.java,False,None,False,None,True,Logic changed,BAEL-7681: Add java casting vs class cast operator module,Feature Addition
repos\tutorials,a54be205bd37fb13e1244abfe7f41c946cea16a0,2024-06-26 06:57:43+02:00,org.junit-pioneer:junit-pioneer,2.2.0,${junit-pioneer.version},TodosApplication.java,False,None,False,None,False,None,"BAEL-7570: Reformat code, rename test methods, use version properties in pom.xml",Testing
repos\tutorials,a54be205bd37fb13e1244abfe7f41c946cea16a0,2024-06-26 06:57:43+02:00,org.junit-pioneer:junit-pioneer,2.2.0,${junit-pioneer.version},AnnotationUtils.java,False,None,False,None,True,Logic changed,"BAEL-7570: Reformat code, rename test methods, use version properties in pom.xml",Testing
repos\tutorials,a54be205bd37fb13e1244abfe7f41c946cea16a0,2024-06-26 06:57:43+02:00,org.junit-pioneer:junit-pioneer,2.2.0,${junit-pioneer.version},FireEvent.java,False,None,False,None,True,Logic changed,"BAEL-7570: Reformat code, rename test methods, use version properties in pom.xml",Testing
repos\tutorials,a54be205bd37fb13e1244abfe7f41c946cea16a0,2024-06-26 06:57:43+02:00,org.junit-pioneer:junit-pioneer,2.2.0,${junit-pioneer.version},FireEventInterceptor.java,False,None,False,None,True,Logic changed,"BAEL-7570: Reformat code, rename test methods, use version properties in pom.xml",Testing
repos\tutorials,a54be205bd37fb13e1244abfe7f41c946cea16a0,2024-06-26 06:57:43+02:00,org.junit-pioneer:junit-pioneer,2.2.0,${junit-pioneer.version},Validated.java,False,None,False,None,True,Logic changed,"BAEL-7570: Reformat code, rename test methods, use version properties in pom.xml",Testing
repos\tutorials,a54be205bd37fb13e1244abfe7f41c946cea16a0,2024-06-26 06:57:43+02:00,org.junit-pioneer:junit-pioneer,2.2.0,${junit-pioneer.version},ValidatedInterceptor.java,False,None,False,None,True,Logic changed,"BAEL-7570: Reformat code, rename test methods, use version properties in pom.xml",Testing
repos\tutorials,a54be205bd37fb13e1244abfe7f41c946cea16a0,2024-06-26 06:57:43+02:00,org.junit-pioneer:junit-pioneer,2.2.0,${junit-pioneer.version},ProfileLogger.java,False,None,False,None,True,Logic changed,"BAEL-7570: Reformat code, rename test methods, use version properties in pom.xml",Testing
repos\tutorials,a54be205bd37fb13e1244abfe7f41c946cea16a0,2024-06-26 06:57:43+02:00,org.junit-pioneer:junit-pioneer,2.2.0,${junit-pioneer.version},NotFoundExceptionMapper.java,False,None,False,None,False,None,"BAEL-7570: Reformat code, rename test methods, use version properties in pom.xml",Testing
repos\tutorials,a54be205bd37fb13e1244abfe7f41c946cea16a0,2024-06-26 06:57:43+02:00,org.junit-pioneer:junit-pioneer,2.2.0,${junit-pioneer.version},TodoDto.java,False,None,False,None,True,Logic changed,"BAEL-7570: Reformat code, rename test methods, use version properties in pom.xml",Testing
repos\tutorials,a54be205bd37fb13e1244abfe7f41c946cea16a0,2024-06-26 06:57:43+02:00,org.junit-pioneer:junit-pioneer,2.2.0,${junit-pioneer.version},TodoDtoMapper.java,False,None,False,None,True,Logic changed,"BAEL-7570: Reformat code, rename test methods, use version properties in pom.xml",Testing
repos\tutorials,a54be205bd37fb13e1244abfe7f41c946cea16a0,2024-06-26 06:57:43+02:00,org.junit-pioneer:junit-pioneer,2.2.0,${junit-pioneer.version},TodosResource.java,False,None,False,None,True,Logic changed,"BAEL-7570: Reformat code, rename test methods, use version properties in pom.xml",Testing
repos\tutorials,a54be205bd37fb13e1244abfe7f41c946cea16a0,2024-06-26 06:57:43+02:00,org.junit-pioneer:junit-pioneer,2.2.0,${junit-pioneer.version},Todo.java,False,None,False,None,True,Logic changed,"BAEL-7570: Reformat code, rename test methods, use version properties in pom.xml",Testing
repos\tutorials,a54be205bd37fb13e1244abfe7f41c946cea16a0,2024-06-26 06:57:43+02:00,org.junit-pioneer:junit-pioneer,2.2.0,${junit-pioneer.version},TodosService.java,False,None,False,None,True,Logic changed,"BAEL-7570: Reformat code, rename test methods, use version properties in pom.xml",Testing
repos\tutorials,a54be205bd37fb13e1244abfe7f41c946cea16a0,2024-06-26 06:57:43+02:00,org.junit-pioneer:junit-pioneer,2.2.0,${junit-pioneer.version},TodosSink.java,False,None,False,None,False,None,"BAEL-7570: Reformat code, rename test methods, use version properties in pom.xml",Testing
repos\tutorials,a54be205bd37fb13e1244abfe7f41c946cea16a0,2024-06-26 06:57:43+02:00,org.junit-pioneer:junit-pioneer,2.2.0,${junit-pioneer.version},TodoCreatedKafkaProducer.java,False,None,False,None,True,Logic changed,"BAEL-7570: Reformat code, rename test methods, use version properties in pom.xml",Testing
repos\tutorials,a54be205bd37fb13e1244abfe7f41c946cea16a0,2024-06-26 06:57:43+02:00,org.junit-pioneer:junit-pioneer,2.2.0,${junit-pioneer.version},TodoEntity.java,False,None,False,None,True,Logic changed,"BAEL-7570: Reformat code, rename test methods, use version properties in pom.xml",Testing
repos\tutorials,a54be205bd37fb13e1244abfe7f41c946cea16a0,2024-06-26 06:57:43+02:00,org.junit-pioneer:junit-pioneer,2.2.0,${junit-pioneer.version},TodoEntityMapper.java,False,None,False,None,True,Logic changed,"BAEL-7570: Reformat code, rename test methods, use version properties in pom.xml",Testing
repos\tutorials,a54be205bd37fb13e1244abfe7f41c946cea16a0,2024-06-26 06:57:43+02:00,org.junit-pioneer:junit-pioneer,2.2.0,${junit-pioneer.version},TodosRepository.java,False,None,False,None,True,Logic changed,"BAEL-7570: Reformat code, rename test methods, use version properties in pom.xml",Testing
repos\tutorials,a54be205bd37fb13e1244abfe7f41c946cea16a0,2024-06-26 06:57:43+02:00,org.junit-pioneer:junit-pioneer,2.2.0,${junit-pioneer.version},TodosSinkJpaImpl.java,False,None,False,None,True,Logic changed,"BAEL-7570: Reformat code, rename test methods, use version properties in pom.xml",Testing
repos\tutorials,a54be205bd37fb13e1244abfe7f41c946cea16a0,2024-06-26 06:57:43+02:00,org.junit-pioneer:junit-pioneer,2.2.0,${junit-pioneer.version},BoundaryCitrusIntegrationTest.java,False,None,True,Removed methods: {'shouldReturn201OnCreateItem'},True,Logic changed,"BAEL-7570: Reformat code, rename test methods, use version properties in pom.xml",Testing
repos\tutorials,a54be205bd37fb13e1244abfe7f41c946cea16a0,2024-06-26 06:57:43+02:00,org.junit-pioneer:junit-pioneer,2.2.0,${junit-pioneer.version},BoundaryOpenApiCitrusIntegrationTest.java,False,None,True,Removed methods: {'shouldReturn201OnCreateItem'},True,Logic changed,"BAEL-7570: Reformat code, rename test methods, use version properties in pom.xml",Testing
repos\tutorials,a54be205bd37fb13e1244abfe7f41c946cea16a0,2024-06-26 06:57:43+02:00,org.junit-pioneer:junit-pioneer,2.2.0,${junit-pioneer.version},MessagingCitrusIntegrationTest.java,False,None,True,Removed methods: {'shouldProduceMessageToKafkaOnCreateItem'},True,Logic changed,"BAEL-7570: Reformat code, rename test methods, use version properties in pom.xml",Testing
repos\tutorials,a54be205bd37fb13e1244abfe7f41c946cea16a0,2024-06-26 06:57:43+02:00,org.junit-pioneer:junit-pioneer,2.2.0,${junit-pioneer.version},PersistenceCitrusIntegrationTest.java,False,None,True,Removed methods: {'shouldReturn201OnCreateItem'},True,Logic changed,"BAEL-7570: Reformat code, rename test methods, use version properties in pom.xml",Testing
repos\tutorials,a54be205bd37fb13e1244abfe7f41c946cea16a0,2024-06-26 06:57:43+02:00,org.junit-pioneer:junit-pioneer,2.2.0,${junit-pioneer.version},BoundaryCitrusConfig.java,False,None,False,None,True,Logic changed,"BAEL-7570: Reformat code, rename test methods, use version properties in pom.xml",Testing
repos\tutorials,a54be205bd37fb13e1244abfe7f41c946cea16a0,2024-06-26 06:57:43+02:00,org.junit-pioneer:junit-pioneer,2.2.0,${junit-pioneer.version},BoundaryOpenApiCitrusConfig.java,False,None,False,None,True,Logic changed,"BAEL-7570: Reformat code, rename test methods, use version properties in pom.xml",Testing
repos\tutorials,a54be205bd37fb13e1244abfe7f41c946cea16a0,2024-06-26 06:57:43+02:00,org.junit-pioneer:junit-pioneer,2.2.0,${junit-pioneer.version},EmbeddedKafkaCitrusConfig.java,False,None,False,None,True,Logic changed,"BAEL-7570: Reformat code, rename test methods, use version properties in pom.xml",Testing
repos\tutorials,a54be205bd37fb13e1244abfe7f41c946cea16a0,2024-06-26 06:57:43+02:00,org.junit-pioneer:junit-pioneer,2.2.0,${junit-pioneer.version},KafkaCitrusConfig.java,False,None,False,None,True,Logic changed,"BAEL-7570: Reformat code, rename test methods, use version properties in pom.xml",Testing
repos\tutorials,14eab4e1e7183ce866c7ed007a9a184f7590e31f,2024-07-06 17:19:49+02:00,org.jetbrains:annotations,24.1.0,${jetbrains-annotations.version},FizzBuzz.java,False,None,False,None,True,Logic changed,BAEL-8202: final changes,Other
repos\tutorials,e0669f36c2df44ca517c292fe78b2b7d85102b7a,2024-08-05 12:30:49+02:00,com.tngtech.archunit:archunit,1.3.0,${archunit.version},JMoleculesDddUnitTest.java,False,None,True,Removed methods: {'verifyModel'},True,Logic changed,BAEL-8199: code examples,Other
repos\tutorials,761a3538a0f4c6ee85c5b71beca8148a9376e52c,2024-08-08 08:59:46+02:00,org.glassfish.jaxb:jaxb-runtime,4.0.0,${jaxb-runtime.version},LoggingAspect.java,False,None,False,None,True,Logic changed,[JAVA-32415] Fix Jhipster 6 (#17239),Bug Fix
repos\tutorials,761a3538a0f4c6ee85c5b71beca8148a9376e52c,2024-08-08 08:59:46+02:00,org.glassfish.jaxb:jaxb-runtime,4.0.0,${jaxb-runtime.version},AsyncConfiguration.java,False,None,False,None,True,Logic changed,[JAVA-32415] Fix Jhipster 6 (#17239),Bug Fix
repos\tutorials,761a3538a0f4c6ee85c5b71beca8148a9376e52c,2024-08-08 08:59:46+02:00,org.glassfish.jaxb:jaxb-runtime,4.0.0,${jaxb-runtime.version},DatabaseConfiguration.java,False,None,False,None,True,Logic changed,[JAVA-32415] Fix Jhipster 6 (#17239),Bug Fix
repos\tutorials,761a3538a0f4c6ee85c5b71beca8148a9376e52c,2024-08-08 08:59:46+02:00,org.glassfish.jaxb:jaxb-runtime,4.0.0,${jaxb-runtime.version},WebConfigurerUnitTest.java,False,None,False,None,True,Logic changed,[JAVA-32415] Fix Jhipster 6 (#17239),Bug Fix
repos\tutorials,761a3538a0f4c6ee85c5b71beca8148a9376e52c,2024-08-08 08:59:46+02:00,org.glassfish.jaxb:jaxb-runtime,4.0.0,${jaxb-runtime.version},UserResourceIT.java,True,"Removed: {'isNoContent'}, Added: {'is2xxSuccessful'}",False,None,True,Logic changed,[JAVA-32415] Fix Jhipster 6 (#17239),Bug Fix
repos\tutorials,b345023671a99a7ad22d4626c4d1317b43dac32a,2024-08-09 18:52:38+08:00,commons-io:commons-io,2.13.0,${commons-io.version},ExcelCellFormatterUnitTest.java,False,None,False,None,True,Logic changed,JAVA-36108: Upgrade commons-io to 2.16.1 (#16998),Bug Fix
repos\tutorials,b345023671a99a7ad22d4626c4d1317b43dac32a,2024-08-09 18:52:38+08:00,commons-io:commons-io,2.13.0,${commons-io.version},ExcelInsertRowUnitTest.java,False,None,False,None,True,Logic changed,JAVA-36108: Upgrade commons-io to 2.16.1 (#16998),Bug Fix
repos\tutorials,e17194d6c63cb005b4e7c4c16b229c91fd2e7006,2024-08-09 15:50:37+02:00,io.github.springwolf:springwolf-kafka,${springwolf-kafka.version},${springwolf.version},IncomingConsumer.java,False,None,False,None,True,Logic changed,Update to springwolf to 1.5.0,Dependency Update
repos\tutorials,e17194d6c63cb005b4e7c4c16b229c91fd2e7006,2024-08-09 15:50:37+02:00,io.github.springwolf:springwolf-ui,${springwolf-ui.version},${springwolf.version},IncomingConsumer.java,False,None,False,None,True,Logic changed,Update to springwolf to 1.5.0,Dependency Update
repos\tutorials,e17194d6c63cb005b4e7c4c16b229c91fd2e7006,2024-08-09 15:50:37+02:00,io.github.springwolf:springwolf-kafka,${springwolf-kafka.version},${springwolf.version},OutgoingProducer.java,False,None,False,None,True,Logic changed,Update to springwolf to 1.5.0,Dependency Update
repos\tutorials,e17194d6c63cb005b4e7c4c16b229c91fd2e7006,2024-08-09 15:50:37+02:00,io.github.springwolf:springwolf-ui,${springwolf-ui.version},${springwolf.version},OutgoingProducer.java,False,None,False,None,True,Logic changed,Update to springwolf to 1.5.0,Dependency Update
repos\tutorials,e17194d6c63cb005b4e7c4c16b229c91fd2e7006,2024-08-09 15:50:37+02:00,io.github.springwolf:springwolf-kafka,${springwolf-kafka.version},${springwolf.version},ApiIntegrationTest.java,False,None,False,None,True,Logic changed,Update to springwolf to 1.5.0,Dependency Update
repos\tutorials,e17194d6c63cb005b4e7c4c16b229c91fd2e7006,2024-08-09 15:50:37+02:00,io.github.springwolf:springwolf-ui,${springwolf-ui.version},${springwolf.version},ApiIntegrationTest.java,False,None,False,None,True,Logic changed,Update to springwolf to 1.5.0,Dependency Update
repos\tutorials,76a77a342f70d39155a82a0f120c8d4d5b2ea307,2024-08-09 18:49:18+03:00,ch.qos.logback:logback-classic,1.5.6,1.4.12,ServerApplication.java,False,None,False,None,True,Logic changed,[BAEL-7681] Added implementation for micronaut filters article,Feature Addition
repos\tutorials,926daac122b0a25f37daa9432a9461583162e131,2024-08-19 15:52:23+03:00,org.fusesource.jansi:jansi,2.4.0,${jansi.version},SystemInReadUnitTest.java,True,"Removed: set(), Added: {'lineSeparator'}",False,None,True,Logic changed,JAVA-38569 Fix core-java-console in the context of migrating to JDK 21 (#17368),Bug Fix
repos\tutorials,bd6571f01868d363019a23d747940c20472b0c7e,2024-08-30 01:44:44+01:00,net.datafaker:datafaker,1.6.0,${datafaker.version},SolApp.java,True,"Removed: {'put', 'compareTo', 'getKey', 'getValue', 'entrySet'}, Added: {'getType', 'getFields'}",True,"Removed methods: {'solarSystemClassSummary', 'logTopTenClassesBaseOnInstanceCount'}",True,Logic changed,https://jira.baeldung.com/browse/BAEL-8238,Other
repos\tutorials,bd6571f01868d363019a23d747940c20472b0c7e,2024-08-30 01:44:44+01:00,org.netbeans.modules:org-netbeans-lib-profiler,RELEASE220,${neabeans-lib-profiler.version},SolApp.java,True,"Removed: {'put', 'compareTo', 'getKey', 'getValue', 'entrySet'}, Added: {'getType', 'getFields'}",True,"Removed methods: {'solarSystemClassSummary', 'logTopTenClassesBaseOnInstanceCount'}",True,Logic changed,https://jira.baeldung.com/browse/BAEL-8238,Other
repos\tutorials,bd6571f01868d363019a23d747940c20472b0c7e,2024-08-30 01:44:44+01:00,net.datafaker:datafaker,1.6.0,${datafaker.version},SolAppLiveTest.java,True,"Removed: {'solarSystemClassSummary'}, Added: {'logFieldDetails', 'solarSystemSummary'}",False,None,True,Logic changed,https://jira.baeldung.com/browse/BAEL-8238,Other
repos\tutorials,bd6571f01868d363019a23d747940c20472b0c7e,2024-08-30 01:44:44+01:00,org.netbeans.modules:org-netbeans-lib-profiler,RELEASE220,${neabeans-lib-profiler.version},SolAppLiveTest.java,True,"Removed: {'solarSystemClassSummary'}, Added: {'logFieldDetails', 'solarSystemSummary'}",False,None,True,Logic changed,https://jira.baeldung.com/browse/BAEL-8238,Other
repos\tutorials,4f1b9e26b4cbc0ca50c40a7dc7e6ce5714790b24,2024-09-11 21:32:15+03:00,com.sun.xml.bind:jaxb-impl,${jaxb.version},${jaxb-impl.version},XMLDocumentWriter.java,False,None,False,None,True,Logic changed,"BAEL-117577-Moving article links for xml, xml-2 modules (#17486)",Other
repos\tutorials,4f1b9e26b4cbc0ca50c40a7dc7e6ce5714790b24,2024-09-11 21:32:15+03:00,com.sun.xml.bind:jaxb-impl,${jaxb.version},${jaxb-impl.version},JaxpTransformer.java,False,None,False,None,True,Logic changed,"BAEL-117577-Moving article links for xml, xml-2 modules (#17486)",Other
repos\tutorials,4f1b9e26b4cbc0ca50c40a7dc7e6ce5714790b24,2024-09-11 21:32:15+03:00,com.sun.xml.bind:jaxb-impl,${jaxb.version},${jaxb-impl.version},AttributeBenchMark.java,False,None,False,None,True,Logic changed,"BAEL-117577-Moving article links for xml, xml-2 modules (#17486)",Other
repos\tutorials,4f1b9e26b4cbc0ca50c40a7dc7e6ce5714790b24,2024-09-11 21:32:15+03:00,com.sun.xml.bind:jaxb-impl,${jaxb.version},${jaxb-impl.version},Employees.java,False,None,False,None,True,Logic changed,"BAEL-117577-Moving article links for xml, xml-2 modules (#17486)",Other
repos\tutorials,4f1b9e26b4cbc0ca50c40a7dc7e6ce5714790b24,2024-09-11 21:32:15+03:00,com.sun.xml.bind:jaxb-impl,${jaxb.version},${jaxb-impl.version},XmlToHashMap.java,False,None,False,None,True,Logic changed,"BAEL-117577-Moving article links for xml, xml-2 modules (#17486)",Other
repos\tutorials,4f1b9e26b4cbc0ca50c40a7dc7e6ce5714790b24,2024-09-11 21:32:15+03:00,com.sun.xml.bind:jaxb-impl,${jaxb.version},${jaxb-impl.version},FreemarkerTransformer.java,False,None,False,None,True,Logic changed,"BAEL-117577-Moving article links for xml, xml-2 modules (#17486)",Other
repos\tutorials,4f1b9e26b4cbc0ca50c40a7dc7e6ce5714790b24,2024-09-11 21:32:15+03:00,com.sun.xml.bind:jaxb-impl,${jaxb.version},${jaxb-impl.version},XMLRunner.java,False,None,False,None,True,Logic changed,"BAEL-117577-Moving article links for xml, xml-2 modules (#17486)",Other
repos\tutorials,4f1b9e26b4cbc0ca50c40a7dc7e6ce5714790b24,2024-09-11 21:32:15+03:00,com.sun.xml.bind:jaxb-impl,${jaxb.version},${jaxb-impl.version},JAXBHelper.java,False,None,False,None,False,None,"BAEL-117577-Moving article links for xml, xml-2 modules (#17486)",Other
repos\tutorials,4f1b9e26b4cbc0ca50c40a7dc7e6ce5714790b24,2024-09-11 21:32:15+03:00,com.sun.xml.bind:jaxb-impl,${jaxb.version},${jaxb-impl.version},MustacheTransformer.java,False,None,False,None,True,Logic changed,"BAEL-117577-Moving article links for xml, xml-2 modules (#17486)",Other
repos\tutorials,4f1b9e26b4cbc0ca50c40a7dc7e6ce5714790b24,2024-09-11 21:32:15+03:00,com.sun.xml.bind:jaxb-impl,${jaxb.version},${jaxb-impl.version},ExampleHTML.java,False,None,False,None,False,None,"BAEL-117577-Moving article links for xml, xml-2 modules (#17486)",Other
repos\tutorials,4f1b9e26b4cbc0ca50c40a7dc7e6ce5714790b24,2024-09-11 21:32:15+03:00,com.sun.xml.bind:jaxb-impl,${jaxb.version},${jaxb-impl.version},XMLExample.java,False,None,False,None,False,None,"BAEL-117577-Moving article links for xml, xml-2 modules (#17486)",Other
repos\tutorials,4f1b9e26b4cbc0ca50c40a7dc7e6ce5714790b24,2024-09-11 21:32:15+03:00,com.sun.xml.bind:jaxb-impl,${jaxb.version},${jaxb-impl.version},XMLDocumentWriterUnitTest.java,False,None,False,None,True,Logic changed,"BAEL-117577-Moving article links for xml, xml-2 modules (#17486)",Other
repos\tutorials,4f1b9e26b4cbc0ca50c40a7dc7e6ce5714790b24,2024-09-11 21:32:15+03:00,com.sun.xml.bind:jaxb-impl,${jaxb.version},${jaxb-impl.version},Dom4jProcessorUnitTest.java,False,None,False,None,False,None,"BAEL-117577-Moving article links for xml, xml-2 modules (#17486)",Other
repos\tutorials,4f1b9e26b4cbc0ca50c40a7dc7e6ce5714790b24,2024-09-11 21:32:15+03:00,com.sun.xml.bind:jaxb-impl,${jaxb.version},${jaxb-impl.version},JaxpProcessorUnitTest.java,False,None,False,None,True,Logic changed,"BAEL-117577-Moving article links for xml, xml-2 modules (#17486)",Other
repos\tutorials,4f1b9e26b4cbc0ca50c40a7dc7e6ce5714790b24,2024-09-11 21:32:15+03:00,com.sun.xml.bind:jaxb-impl,${jaxb.version},${jaxb-impl.version},JooxProcessorUnitTest.java,False,None,False,None,False,None,"BAEL-117577-Moving article links for xml, xml-2 modules (#17486)",Other
repos\tutorials,4f1b9e26b4cbc0ca50c40a7dc7e6ce5714790b24,2024-09-11 21:32:15+03:00,com.sun.xml.bind:jaxb-impl,${jaxb.version},${jaxb-impl.version},XmlToHashMapUnitTest.java,False,None,False,None,True,Logic changed,"BAEL-117577-Moving article links for xml, xml-2 modules (#17486)",Other
repos\tutorials,4f1b9e26b4cbc0ca50c40a7dc7e6ce5714790b24,2024-09-11 21:32:15+03:00,com.sun.xml.bind:jaxb-impl,${jaxb.version},${jaxb-impl.version},XmlErrorHandler.java,False,None,False,None,False,None,"BAEL-117577-Moving article links for xml, xml-2 modules (#17486)",Other
repos\tutorials,4f1b9e26b4cbc0ca50c40a7dc7e6ce5714790b24,2024-09-11 21:32:15+03:00,com.sun.xml.bind:jaxb-impl,${jaxb.version},${jaxb-impl.version},XmlValidator.java,False,None,False,None,False,None,"BAEL-117577-Moving article links for xml, xml-2 modules (#17486)",Other
repos\tutorials,4f1b9e26b4cbc0ca50c40a7dc7e6ce5714790b24,2024-09-11 21:32:15+03:00,com.sun.xml.bind:jaxb-impl,${jaxb.version},${jaxb-impl.version},XmlDocumentToString.java,False,None,False,None,True,Logic changed,"BAEL-117577-Moving article links for xml, xml-2 modules (#17486)",Other
repos\tutorials,4f1b9e26b4cbc0ca50c40a7dc7e6ce5714790b24,2024-09-11 21:32:15+03:00,com.sun.xml.bind:jaxb-impl,${jaxb.version},${jaxb-impl.version},XmlValidatorUnitTest.java,False,None,False,None,False,None,"BAEL-117577-Moving article links for xml, xml-2 modules (#17486)",Other
repos\tutorials,4f1b9e26b4cbc0ca50c40a7dc7e6ce5714790b24,2024-09-11 21:32:15+03:00,com.sun.xml.bind:jaxb-impl,${jaxb.version},${jaxb-impl.version},XMLObjectToStringUnitTest.java,False,None,False,None,True,Logic changed,"BAEL-117577-Moving article links for xml, xml-2 modules (#17486)",Other
repos\tutorials,4f1b9e26b4cbc0ca50c40a7dc7e6ce5714790b24,2024-09-11 21:32:15+03:00,com.sun.xml.bind:jaxb-impl,${jaxb.version},${jaxb-impl.version},XmlDocumentToStringUnitTest.java,False,None,False,None,True,Logic changed,"BAEL-117577-Moving article links for xml, xml-2 modules (#17486)",Other
repos\tutorials,6dc3339497ede0bd0347724e2e26aad800ef5f77,2024-11-21 01:57:24+01:00,de.vandermeer:asciitable,0.3.2,${asciitable.version},TemporaryDirectoriesUnitTest.java,False,None,False,None,True,Logic changed,[JAVA-41844] (#17982),Other
repos\tutorials,6dc3339497ede0bd0347724e2e26aad800ef5f77,2024-11-21 01:57:24+01:00,de.vandermeer:asciitable,0.3.2,${asciitable.version},StreamCloseUnitTest.java,False,None,False,Parse Error,True,Fallback textual change,[JAVA-41844] (#17982),Other
repos\tutorials,6dc3339497ede0bd0347724e2e26aad800ef5f77,2024-11-21 01:57:24+01:00,de.vandermeer:asciitable,0.3.2,${asciitable.version},RenameFileUnitTest.java,False,None,False,None,True,Logic changed,[JAVA-41844] (#17982),Other
repos\tutorials,6dc3339497ede0bd0347724e2e26aad800ef5f77,2024-11-21 01:57:24+01:00,de.vandermeer:asciitable,0.3.2,${asciitable.version},JavaFileSizeUnitTest.java,False,None,False,None,True,Logic changed,[JAVA-41844] (#17982),Other
repos\tutorials,6dc3339497ede0bd0347724e2e26aad800ef5f77,2024-11-21 01:57:24+01:00,de.vandermeer:asciitable,0.3.2,${asciitable.version},ListFiles.java,False,None,False,None,True,Logic changed,[JAVA-41844] (#17982),Other
repos\tutorials,6dc3339497ede0bd0347724e2e26aad800ef5f77,2024-11-21 01:57:24+01:00,de.vandermeer:asciitable,0.3.2,${asciitable.version},ListFilesUnitTest.java,False,None,False,None,True,Logic changed,[JAVA-41844] (#17982),Other
repos\tutorials,983c389199f8a70189d35ec551c509ca7dbba7fc,2024-12-15 12:35:29+02:00,org.projectlombok:lombok,1.18.32,${lombok.version},AbstractFactoryRunner.java,False,None,False,None,True,Logic changed,[JAVA-40642] Moving some article links on Github - design-patterns-creationa (#18052),Other
repos\tutorials,983c389199f8a70189d35ec551c509ca7dbba7fc,2024-12-15 12:35:29+02:00,org.projectlombok:lombok,1.18.32,${lombok.version},Animal.java,False,None,False,None,True,Logic changed,[JAVA-40642] Moving some article links on Github - design-patterns-creationa (#18052),Other
repos\tutorials,983c389199f8a70189d35ec551c509ca7dbba7fc,2024-12-15 12:35:29+02:00,org.projectlombok:lombok,1.18.32,${lombok.version},AnimalAbstractFactory.java,False,None,False,None,True,Logic changed,[JAVA-40642] Moving some article links on Github - design-patterns-creationa (#18052),Other
repos\tutorials,983c389199f8a70189d35ec551c509ca7dbba7fc,2024-12-15 12:35:29+02:00,org.projectlombok:lombok,1.18.32,${lombok.version},AnimalEra.java,False,None,False,None,True,Logic changed,[JAVA-40642] Moving some article links on Github - design-patterns-creationa (#18052),Other
repos\tutorials,983c389199f8a70189d35ec551c509ca7dbba7fc,2024-12-15 12:35:29+02:00,org.projectlombok:lombok,1.18.32,${lombok.version},CenozoicAnimalFactory.java,False,None,False,None,True,Logic changed,[JAVA-40642] Moving some article links on Github - design-patterns-creationa (#18052),Other
repos\tutorials,983c389199f8a70189d35ec551c509ca7dbba7fc,2024-12-15 12:35:29+02:00,org.projectlombok:lombok,1.18.32,${lombok.version},EraAnimalFactory.java,False,None,False,None,True,Logic changed,[JAVA-40642] Moving some article links on Github - design-patterns-creationa (#18052),Other
repos\tutorials,983c389199f8a70189d35ec551c509ca7dbba7fc,2024-12-15 12:35:29+02:00,org.projectlombok:lombok,1.18.32,${lombok.version},LandAnimal.java,False,None,False,None,True,Logic changed,[JAVA-40642] Moving some article links on Github - design-patterns-creationa (#18052),Other
repos\tutorials,983c389199f8a70189d35ec551c509ca7dbba7fc,2024-12-15 12:35:29+02:00,org.projectlombok:lombok,1.18.32,${lombok.version},MesozoicAnimalFactory.java,False,None,False,None,True,Logic changed,[JAVA-40642] Moving some article links on Github - design-patterns-creationa (#18052),Other
repos\tutorials,983c389199f8a70189d35ec551c509ca7dbba7fc,2024-12-15 12:35:29+02:00,org.projectlombok:lombok,1.18.32,${lombok.version},SkyAnimal.java,False,None,False,None,True,Logic changed,[JAVA-40642] Moving some article links on Github - design-patterns-creationa (#18052),Other
repos\tutorials,983c389199f8a70189d35ec551c509ca7dbba7fc,2024-12-15 12:35:29+02:00,org.projectlombok:lombok,1.18.32,${lombok.version},User.java,False,None,False,None,True,Logic changed,[JAVA-40642] Moving some article links on Github - design-patterns-creationa (#18052),Other
repos\tutorials,983c389199f8a70189d35ec551c509ca7dbba7fc,2024-12-15 12:35:29+02:00,org.projectlombok:lombok,1.18.32,${lombok.version},Car.java,False,None,False,None,True,Logic changed,[JAVA-40642] Moving some article links on Github - design-patterns-creationa (#18052),Other
repos\tutorials,983c389199f8a70189d35ec551c509ca7dbba7fc,2024-12-15 12:35:29+02:00,org.projectlombok:lombok,1.18.32,${lombok.version},Vehicle.java,False,None,False,None,True,Logic changed,[JAVA-40642] Moving some article links on Github - design-patterns-creationa (#18052),Other
repos\tutorials,983c389199f8a70189d35ec551c509ca7dbba7fc,2024-12-15 12:35:29+02:00,org.projectlombok:lombok,1.18.32,${lombok.version},VehicleFactory.java,False,None,False,None,True,Logic changed,[JAVA-40642] Moving some article links on Github - design-patterns-creationa (#18052),Other
repos\tutorials,983c389199f8a70189d35ec551c509ca7dbba7fc,2024-12-15 12:35:29+02:00,org.projectlombok:lombok,1.18.32,${lombok.version},Address.java,False,None,False,None,True,Logic changed,[JAVA-40642] Moving some article links on Github - design-patterns-creationa (#18052),Other
repos\tutorials,983c389199f8a70189d35ec551c509ca7dbba7fc,2024-12-15 12:35:29+02:00,org.projectlombok:lombok,1.18.32,${lombok.version},Employee.java,False,None,False,None,True,Logic changed,[JAVA-40642] Moving some article links on Github - design-patterns-creationa (#18052),Other
repos\tutorials,983c389199f8a70189d35ec551c509ca7dbba7fc,2024-12-15 12:35:29+02:00,org.projectlombok:lombok,1.18.32,${lombok.version},BuilderInheritanceUnitTest.java,False,None,False,None,True,Logic changed,[JAVA-40642] Moving some article links on Github - design-patterns-creationa (#18052),Other
repos\tutorials,983c389199f8a70189d35ec551c509ca7dbba7fc,2024-12-15 12:35:29+02:00,org.projectlombok:lombok,1.18.32,${lombok.version},UserUnitTest.java,False,None,False,None,True,Logic changed,[JAVA-40642] Moving some article links on Github - design-patterns-creationa (#18052),Other
repos\tutorials,983c389199f8a70189d35ec551c509ca7dbba7fc,2024-12-15 12:35:29+02:00,org.projectlombok:lombok,1.18.32,${lombok.version},FactoryGenericUnitTest.java,False,None,False,None,True,Logic changed,[JAVA-40642] Moving some article links on Github - design-patterns-creationa (#18052),Other
repos\tutorials,983c389199f8a70189d35ec551c509ca7dbba7fc,2024-12-15 12:35:29+02:00,org.projectlombok:lombok,1.18.32,${lombok.version},EmployeeBuilderUnitTest.java,False,None,False,None,True,Logic changed,[JAVA-40642] Moving some article links on Github - design-patterns-creationa (#18052),Other
repos\tutorials,983c389199f8a70189d35ec551c509ca7dbba7fc,2024-12-15 12:35:29+02:00,org.projectlombok:lombok,1.18.32,${lombok.version},TreePrototypeUnitTest.java,False,None,False,None,True,Logic changed,[JAVA-40642] Moving some article links on Github - design-patterns-creationa (#18052),Other
repos\tutorials,983c389199f8a70189d35ec551c509ca7dbba7fc,2024-12-15 12:35:29+02:00,org.projectlombok:lombok,1.18.32,${lombok.version},Corporation.java,False,None,False,None,True,Logic changed,[JAVA-40642] Moving some article links on Github - design-patterns-creationa (#18052),Other
repos\tutorials,983c389199f8a70189d35ec551c509ca7dbba7fc,2024-12-15 12:35:29+02:00,org.projectlombok:lombok,1.18.32,${lombok.version},ElectricVehicle.java,False,None,False,None,True,Logic changed,[JAVA-40642] Moving some article links on Github - design-patterns-creationa (#18052),Other
repos\tutorials,983c389199f8a70189d35ec551c509ca7dbba7fc,2024-12-15 12:35:29+02:00,org.projectlombok:lombok,1.18.32,${lombok.version},FutureVehicleCorporation.java,False,None,False,None,True,Logic changed,[JAVA-40642] Moving some article links on Github - design-patterns-creationa (#18052),Other
repos\tutorials,983c389199f8a70189d35ec551c509ca7dbba7fc,2024-12-15 12:35:29+02:00,org.projectlombok:lombok,1.18.32,${lombok.version},FutureVehicleElectricCar.java,False,None,False,None,True,Logic changed,[JAVA-40642] Moving some article links on Github - design-patterns-creationa (#18052),Other
repos\tutorials,983c389199f8a70189d35ec551c509ca7dbba7fc,2024-12-15 12:35:29+02:00,org.projectlombok:lombok,1.18.32,${lombok.version},FutureVehicleMotorcycle.java,False,None,False,None,True,Logic changed,[JAVA-40642] Moving some article links on Github - design-patterns-creationa (#18052),Other
repos\tutorials,983c389199f8a70189d35ec551c509ca7dbba7fc,2024-12-15 12:35:29+02:00,org.projectlombok:lombok,1.18.32,${lombok.version},NextGenCorporation.java,False,None,False,None,True,Logic changed,[JAVA-40642] Moving some article links on Github - design-patterns-creationa (#18052),Other
repos\tutorials,983c389199f8a70189d35ec551c509ca7dbba7fc,2024-12-15 12:35:29+02:00,org.projectlombok:lombok,1.18.32,${lombok.version},NextGenElectricCar.java,False,None,False,None,True,Logic changed,[JAVA-40642] Moving some article links on Github - design-patterns-creationa (#18052),Other
repos\tutorials,983c389199f8a70189d35ec551c509ca7dbba7fc,2024-12-15 12:35:29+02:00,org.projectlombok:lombok,1.18.32,${lombok.version},NextGenMotorcycle.java,False,None,False,None,True,Logic changed,[JAVA-40642] Moving some article links on Github - design-patterns-creationa (#18052),Other
repos\tutorials,983c389199f8a70189d35ec551c509ca7dbba7fc,2024-12-15 12:35:29+02:00,org.projectlombok:lombok,1.18.32,${lombok.version},Car.java,False,None,False,None,True,Logic changed,[JAVA-40642] Moving some article links on Github - design-patterns-creationa (#18052),Other
repos\tutorials,983c389199f8a70189d35ec551c509ca7dbba7fc,2024-12-15 12:35:29+02:00,org.projectlombok:lombok,1.18.32,${lombok.version},CarFactory.java,False,None,False,None,True,Logic changed,[JAVA-40642] Moving some article links on Github - design-patterns-creationa (#18052),Other
repos\tutorials,983c389199f8a70189d35ec551c509ca7dbba7fc,2024-12-15 12:35:29+02:00,org.projectlombok:lombok,1.18.32,${lombok.version},MotorVehicle.java,False,None,False,None,True,Logic changed,[JAVA-40642] Moving some article links on Github - design-patterns-creationa (#18052),Other
repos\tutorials,983c389199f8a70189d35ec551c509ca7dbba7fc,2024-12-15 12:35:29+02:00,org.projectlombok:lombok,1.18.32,${lombok.version},MotorVehicleFactory.java,False,None,False,None,True,Logic changed,[JAVA-40642] Moving some article links on Github - design-patterns-creationa (#18052),Other
repos\tutorials,983c389199f8a70189d35ec551c509ca7dbba7fc,2024-12-15 12:35:29+02:00,org.projectlombok:lombok,1.18.32,${lombok.version},Motorcycle.java,False,None,False,None,True,Logic changed,[JAVA-40642] Moving some article links on Github - design-patterns-creationa (#18052),Other
repos\tutorials,983c389199f8a70189d35ec551c509ca7dbba7fc,2024-12-15 12:35:29+02:00,org.projectlombok:lombok,1.18.32,${lombok.version},MotorcycleFactory.java,False,None,False,None,True,Logic changed,[JAVA-40642] Moving some article links on Github - design-patterns-creationa (#18052),Other
repos\tutorials,983c389199f8a70189d35ec551c509ca7dbba7fc,2024-12-15 12:35:29+02:00,org.projectlombok:lombok,1.18.32,${lombok.version},AbstractFactoryUnitTest.java,False,None,False,None,True,Logic changed,[JAVA-40642] Moving some article links on Github - design-patterns-creationa (#18052),Other
repos\tutorials,983c389199f8a70189d35ec551c509ca7dbba7fc,2024-12-15 12:35:29+02:00,org.projectlombok:lombok,1.18.32,${lombok.version},FactoryMethodUnitTest.java,False,None,False,None,True,Logic changed,[JAVA-40642] Moving some article links on Github - design-patterns-creationa (#18052),Other
repos\tutorials,d22ad0cbed7ce7cd894aa8e7534c9bf7c0ba615c,2025-01-18 20:50:39+02:00,org.junit.platform:junit-platform-commons,1.11.4,${junit-platform-commons.version},Book.java,False,None,False,None,True,Logic changed,[JAVA-41583] Fixed integration tests,Bug Fix
repos\tutorials,d22ad0cbed7ce7cd894aa8e7534c9bf7c0ba615c,2025-01-18 20:50:39+02:00,org.junit.platform:junit-platform-commons,1.11.4,${junit-platform-commons.version},QueryServiceIntegrationTest.java,False,None,False,None,True,Logic changed,[JAVA-41583] Fixed integration tests,Bug Fix
repos\tutorials,d22ad0cbed7ce7cd894aa8e7534c9bf7c0ba615c,2025-01-18 20:50:39+02:00,org.junit.platform:junit-platform-commons,1.11.4,${junit-platform-commons.version},RecordsAsJpaIntegrationTest.java,False,None,False,None,True,Logic changed,[JAVA-41583] Fixed integration tests,Bug Fix
repos\tutorials,d22ad0cbed7ce7cd894aa8e7534c9bf7c0ba615c,2025-01-18 20:50:39+02:00,org.junit.platform:junit-platform-commons,1.11.4,${junit-platform-commons.version},BookRepositoryIntegrationTest.java,False,None,False,None,True,Logic changed,[JAVA-41583] Fixed integration tests,Bug Fix
repos\tutorials,d22ad0cbed7ce7cd894aa8e7534c9bf7c0ba615c,2025-01-18 20:50:39+02:00,org.junit.platform:junit-platform-commons,1.11.4,${junit-platform-commons.version},CustomBookRepositoryIntegrationTest.java,False,None,False,None,True,Logic changed,[JAVA-41583] Fixed integration tests,Bug Fix
repos\tutorials,dbabcc9904084a86ed2dfbadeaedb5465fe5dfc6,2025-01-21 11:47:21-08:00,org.mockito:mockito-core,5.11.0,5.15.2,DirectionUtilUnitTest.java,False,None,False,None,True,Logic changed,Bael 9101: GitHub Issue: [ISSUE] mockenum doesn't throw what expected (#18203),Bug Fix
repos\tutorials,810bf48d28a2c583ba2f78b9b506e7ea7df88d1e,2025-01-26 20:14:01+02:00,com.squareup.okhttp3:okhttp,4.12.0,${okhttp3.version},CurrencyConverterApplication.java,False,None,False,None,True,Logic changed,Bael-8958-Introduction-to-New-Relic-for-Java,Other
repos\tutorials,810bf48d28a2c583ba2f78b9b506e7ea7df88d1e,2025-01-26 20:14:01+02:00,com.newrelic.agent.java:newrelic-java,8.17.0,${newrelic.version},CurrencyConverterApplication.java,False,None,False,None,True,Logic changed,Bael-8958-Introduction-to-New-Relic-for-Java,Other
repos\tutorials,810bf48d28a2c583ba2f78b9b506e7ea7df88d1e,2025-01-26 20:14:01+02:00,com.newrelic.agent.java:newrelic-api,8.17.0,${newrelic.version},CurrencyConverterApplication.java,False,None,False,None,True,Logic changed,Bael-8958-Introduction-to-New-Relic-for-Java,Other
repos\tutorials,810bf48d28a2c583ba2f78b9b506e7ea7df88d1e,2025-01-26 20:14:01+02:00,com.squareup.okhttp3:okhttp,4.12.0,${okhttp3.version},AppConfig.java,False,None,False,None,True,Logic changed,Bael-8958-Introduction-to-New-Relic-for-Java,Other
repos\tutorials,810bf48d28a2c583ba2f78b9b506e7ea7df88d1e,2025-01-26 20:14:01+02:00,com.newrelic.agent.java:newrelic-java,8.17.0,${newrelic.version},AppConfig.java,False,None,False,None,True,Logic changed,Bael-8958-Introduction-to-New-Relic-for-Java,Other
repos\tutorials,810bf48d28a2c583ba2f78b9b506e7ea7df88d1e,2025-01-26 20:14:01+02:00,com.newrelic.agent.java:newrelic-api,8.17.0,${newrelic.version},AppConfig.java,False,None,False,None,True,Logic changed,Bael-8958-Introduction-to-New-Relic-for-Java,Other
repos\tutorials,810bf48d28a2c583ba2f78b9b506e7ea7df88d1e,2025-01-26 20:14:01+02:00,com.squareup.okhttp3:okhttp,4.12.0,${okhttp3.version},RedisConfig.java,False,None,False,None,True,Logic changed,Bael-8958-Introduction-to-New-Relic-for-Java,Other
repos\tutorials,810bf48d28a2c583ba2f78b9b506e7ea7df88d1e,2025-01-26 20:14:01+02:00,com.newrelic.agent.java:newrelic-java,8.17.0,${newrelic.version},RedisConfig.java,False,None,False,None,True,Logic changed,Bael-8958-Introduction-to-New-Relic-for-Java,Other
repos\tutorials,810bf48d28a2c583ba2f78b9b506e7ea7df88d1e,2025-01-26 20:14:01+02:00,com.newrelic.agent.java:newrelic-api,8.17.0,${newrelic.version},RedisConfig.java,False,None,False,None,True,Logic changed,Bael-8958-Introduction-to-New-Relic-for-Java,Other
repos\tutorials,810bf48d28a2c583ba2f78b9b506e7ea7df88d1e,2025-01-26 20:14:01+02:00,com.squareup.okhttp3:okhttp,4.12.0,${okhttp3.version},CurrencyConverterController.java,False,None,False,None,True,Logic changed,Bael-8958-Introduction-to-New-Relic-for-Java,Other
repos\tutorials,810bf48d28a2c583ba2f78b9b506e7ea7df88d1e,2025-01-26 20:14:01+02:00,com.newrelic.agent.java:newrelic-java,8.17.0,${newrelic.version},CurrencyConverterController.java,False,None,False,None,True,Logic changed,Bael-8958-Introduction-to-New-Relic-for-Java,Other
repos\tutorials,810bf48d28a2c583ba2f78b9b506e7ea7df88d1e,2025-01-26 20:14:01+02:00,com.newrelic.agent.java:newrelic-api,8.17.0,${newrelic.version},CurrencyConverterController.java,False,None,False,None,True,Logic changed,Bael-8958-Introduction-to-New-Relic-for-Java,Other
repos\tutorials,810bf48d28a2c583ba2f78b9b506e7ea7df88d1e,2025-01-26 20:14:01+02:00,com.squareup.okhttp3:okhttp,4.12.0,${okhttp3.version},ExchangeRateResponse.java,False,None,False,None,True,Logic changed,Bael-8958-Introduction-to-New-Relic-for-Java,Other
repos\tutorials,810bf48d28a2c583ba2f78b9b506e7ea7df88d1e,2025-01-26 20:14:01+02:00,com.newrelic.agent.java:newrelic-java,8.17.0,${newrelic.version},ExchangeRateResponse.java,False,None,False,None,True,Logic changed,Bael-8958-Introduction-to-New-Relic-for-Java,Other
repos\tutorials,810bf48d28a2c583ba2f78b9b506e7ea7df88d1e,2025-01-26 20:14:01+02:00,com.newrelic.agent.java:newrelic-api,8.17.0,${newrelic.version},ExchangeRateResponse.java,False,None,False,None,True,Logic changed,Bael-8958-Introduction-to-New-Relic-for-Java,Other
repos\tutorials,810bf48d28a2c583ba2f78b9b506e7ea7df88d1e,2025-01-26 20:14:01+02:00,com.squareup.okhttp3:okhttp,4.12.0,${okhttp3.version},CurrencyConverterService.java,False,None,False,None,True,Logic changed,Bael-8958-Introduction-to-New-Relic-for-Java,Other
repos\tutorials,810bf48d28a2c583ba2f78b9b506e7ea7df88d1e,2025-01-26 20:14:01+02:00,com.newrelic.agent.java:newrelic-java,8.17.0,${newrelic.version},CurrencyConverterService.java,False,None,False,None,True,Logic changed,Bael-8958-Introduction-to-New-Relic-for-Java,Other
repos\tutorials,810bf48d28a2c583ba2f78b9b506e7ea7df88d1e,2025-01-26 20:14:01+02:00,com.newrelic.agent.java:newrelic-api,8.17.0,${newrelic.version},CurrencyConverterService.java,False,None,False,None,True,Logic changed,Bael-8958-Introduction-to-New-Relic-for-Java,Other
repos\tutorials,c69f04eea2b89a23504ed8814411b63ef8edb5e6,2025-01-28 12:53:37+06:00,org.junit.jupiter:junit-jupiter,5.8.2,${junit.jupiter.version},GenericRestResponseUnitTest.java,False,None,True,"Removed methods: {'shouldHandleRuntimeException', 'shouldHandleEmptyResponseBody'}",True,Logic changed,[BAEL-6667] resolve review,Other
repos\tutorials,c69f04eea2b89a23504ed8814411b63ef8edb5e6,2025-01-28 12:53:37+06:00,org.mockito:mockito-junit-jupiter,4.5.1,${mockito-junit-jupiter.version},GenericRestResponseUnitTest.java,False,None,True,"Removed methods: {'shouldHandleRuntimeException', 'shouldHandleEmptyResponseBody'}",True,Logic changed,[BAEL-6667] resolve review,Other
repos\tutorials,3e86637181364056191d3af51ab2a4c1b64071b1,2025-02-01 13:22:48+01:00,io.micronaut:micronaut-http-server-netty,4.7.12,${micronaut.http.server.netty.version},MicronautdockerUnitTests.java,False,None,False,None,True,Logic changed,BAEL-8511 - Building and Running a Micronaut Application in a Docker Container,Refactoring
repos\tutorials,3e86637181364056191d3af51ab2a4c1b64071b1,2025-02-01 13:22:48+01:00,io.micronaut.serde:micronaut-serde-jackson,2.13.0,${micronaut.serde.jackson.version},MicronautdockerUnitTests.java,False,None,False,None,True,Logic changed,BAEL-8511 - Building and Running a Micronaut Application in a Docker Container,Refactoring
repos\tutorials,3e86637181364056191d3af51ab2a4c1b64071b1,2025-02-01 13:22:48+01:00,ch.qos.logback:logback-classic,1.4.12,${logback.classic.version},MicronautdockerUnitTests.java,False,None,False,None,True,Logic changed,BAEL-8511 - Building and Running a Micronaut Application in a Docker Container,Refactoring
repos\tutorials,3e86637181364056191d3af51ab2a4c1b64071b1,2025-02-01 13:22:48+01:00,io.micronaut:micronaut-http-client,4.7.12,${micronaut.http.client.version},MicronautdockerUnitTests.java,False,None,False,None,True,Logic changed,BAEL-8511 - Building and Running a Micronaut Application in a Docker Container,Refactoring
repos\tutorials,3e86637181364056191d3af51ab2a4c1b64071b1,2025-02-01 13:22:48+01:00,io.micronaut.test:micronaut-test-junit5,4.6.2,${micronaut.test.junit5.version},MicronautdockerUnitTests.java,False,None,False,None,True,Logic changed,BAEL-8511 - Building and Running a Micronaut Application in a Docker Container,Refactoring
repos\tutorials,3e86637181364056191d3af51ab2a4c1b64071b1,2025-02-01 13:22:48+01:00,org.junit.jupiter:junit-jupiter-api,5.11.4,${junit.jupiter.api.version},MicronautdockerUnitTests.java,False,None,False,None,True,Logic changed,BAEL-8511 - Building and Running a Micronaut Application in a Docker Container,Refactoring
repos\tutorials,3e86637181364056191d3af51ab2a4c1b64071b1,2025-02-01 13:22:48+01:00,org.junit.jupiter:junit-jupiter-engine,5.11.4,${junit.jupiter.engine.version},MicronautdockerUnitTests.java,False,None,False,None,True,Logic changed,BAEL-8511 - Building and Running a Micronaut Application in a Docker Container,Refactoring
repos\tutorials,3e86637181364056191d3af51ab2a4c1b64071b1,2025-02-01 13:22:48+01:00,io.micronaut:micronaut-inject-java,4.7.10,${micronaut.inject.java.version},MicronautdockerUnitTests.java,False,None,False,None,True,Logic changed,BAEL-8511 - Building and Running a Micronaut Application in a Docker Container,Refactoring
repos\tutorials,5ac5fb54b0b2d570f1b03269ba736a7317814b3a,2025-02-24 13:03:29+02:00,org.hibernate:hibernate-jpamodelgen,5.6.11.Final,6.6.1.Final,Employee.java,False,None,False,None,True,Logic changed,"JAVA-42362 Update article ""Storing PostgreSQL JSONB Using Spring Boot and JPA"" (#18075)",Dependency Update
repos\tutorials,5ac5fb54b0b2d570f1b03269ba736a7317814b3a,2025-02-24 13:03:29+02:00,org.hibernate:hibernate-jpamodelgen,5.6.11.Final,6.6.1.Final,EmployeeRepository.java,False,None,False,None,True,Logic changed,"JAVA-42362 Update article ""Storing PostgreSQL JSONB Using Spring Boot and JPA"" (#18075)",Dependency Update
repos\tutorials,5ac5fb54b0b2d570f1b03269ba736a7317814b3a,2025-02-24 13:03:29+02:00,org.hibernate:hibernate-jpamodelgen,5.6.11.Final,6.6.1.Final,Group.java,False,None,False,None,True,Logic changed,"JAVA-42362 Update article ""Storing PostgreSQL JSONB Using Spring Boot and JPA"" (#18075)",Dependency Update
repos\tutorials,5ac5fb54b0b2d570f1b03269ba736a7317814b3a,2025-02-24 13:03:29+02:00,org.hibernate:hibernate-jpamodelgen,5.6.11.Final,6.6.1.Final,User.java,False,None,False,None,True,Logic changed,"JAVA-42362 Update article ""Storing PostgreSQL JSONB Using Spring Boot and JPA"" (#18075)",Dependency Update
repos\tutorials,5ac5fb54b0b2d570f1b03269ba736a7317814b3a,2025-02-24 13:03:29+02:00,org.hibernate:hibernate-jpamodelgen,5.6.11.Final,6.6.1.Final,AddressAttributeConverter.java,False,None,False,None,True,Logic changed,"JAVA-42362 Update article ""Storing PostgreSQL JSONB Using Spring Boot and JPA"" (#18075)",Dependency Update
repos\tutorials,5ac5fb54b0b2d570f1b03269ba736a7317814b3a,2025-02-24 13:03:29+02:00,org.hibernate:hibernate-jpamodelgen,5.6.11.Final,6.6.1.Final,StudentEntity.java,False,None,False,None,True,Logic changed,"JAVA-42362 Update article ""Storing PostgreSQL JSONB Using Spring Boot and JPA"" (#18075)",Dependency Update
repos\tutorials,5ac5fb54b0b2d570f1b03269ba736a7317814b3a,2025-02-24 13:03:29+02:00,org.hibernate:hibernate-jpamodelgen,5.6.11.Final,6.6.1.Final,StudentStrEntity.java,False,None,False,None,True,Logic changed,"JAVA-42362 Update article ""Storing PostgreSQL JSONB Using Spring Boot and JPA"" (#18075)",Dependency Update
repos\tutorials,5ac5fb54b0b2d570f1b03269ba736a7317814b3a,2025-02-24 13:03:29+02:00,org.hibernate:hibernate-jpamodelgen,5.6.11.Final,6.6.1.Final,EntityManagerRepository.java,False,None,False,None,True,Logic changed,"JAVA-42362 Update article ""Storing PostgreSQL JSONB Using Spring Boot and JPA"" (#18075)",Dependency Update
repos\tutorials,5ac5fb54b0b2d570f1b03269ba736a7317814b3a,2025-02-24 13:03:29+02:00,org.hibernate:hibernate-jpamodelgen,5.6.11.Final,6.6.1.Final,MyEntity.java,False,None,False,None,True,Logic changed,"JAVA-42362 Update article ""Storing PostgreSQL JSONB Using Spring Boot and JPA"" (#18075)",Dependency Update
repos\tutorials,5ac5fb54b0b2d570f1b03269ba736a7317814b3a,2025-02-24 13:03:29+02:00,org.hibernate:hibernate-jpamodelgen,5.6.11.Final,6.6.1.Final,MyEntityRepository.java,False,None,False,None,True,Logic changed,"JAVA-42362 Update article ""Storing PostgreSQL JSONB Using Spring Boot and JPA"" (#18075)",Dependency Update
repos\tutorials,5ac5fb54b0b2d570f1b03269ba736a7317814b3a,2025-02-24 13:03:29+02:00,org.hibernate:hibernate-jpamodelgen,5.6.11.Final,6.6.1.Final,Article.java,False,None,False,None,True,Logic changed,"JAVA-42362 Update article ""Storing PostgreSQL JSONB Using Spring Boot and JPA"" (#18075)",Dependency Update
repos\tutorials,5ac5fb54b0b2d570f1b03269ba736a7317814b3a,2025-02-24 13:03:29+02:00,org.hibernate:hibernate-jpamodelgen,5.6.11.Final,6.6.1.Final,Comment.java,False,None,False,None,True,Logic changed,"JAVA-42362 Update article ""Storing PostgreSQL JSONB Using Spring Boot and JPA"" (#18075)",Dependency Update
repos\tutorials,5ac5fb54b0b2d570f1b03269ba736a7317814b3a,2025-02-24 13:03:29+02:00,org.hibernate:hibernate-jpamodelgen,5.6.11.Final,6.6.1.Final,EntityManagerBook.java,False,None,False,None,True,Logic changed,"JAVA-42362 Update article ""Storing PostgreSQL JSONB Using Spring Boot and JPA"" (#18075)",Dependency Update
repos\tutorials,5ac5fb54b0b2d570f1b03269ba736a7317814b3a,2025-02-24 13:03:29+02:00,org.hibernate:hibernate-jpamodelgen,5.6.11.Final,6.6.1.Final,PersistableEntityManagerBookRepositoryImpl.java,False,None,False,None,True,Logic changed,"JAVA-42362 Update article ""Storing PostgreSQL JSONB Using Spring Boot and JPA"" (#18075)",Dependency Update
repos\tutorials,5ac5fb54b0b2d570f1b03269ba736a7317814b3a,2025-02-24 13:03:29+02:00,org.hibernate:hibernate-jpamodelgen,5.6.11.Final,6.6.1.Final,PersistableBook.java,False,None,False,None,True,Logic changed,"JAVA-42362 Update article ""Storing PostgreSQL JSONB Using Spring Boot and JPA"" (#18075)",Dependency Update
repos\tutorials,5ac5fb54b0b2d570f1b03269ba736a7317814b3a,2025-02-24 13:03:29+02:00,org.hibernate:hibernate-jpamodelgen,5.6.11.Final,6.6.1.Final,CustomQueryBook.java,False,None,False,None,True,Logic changed,"JAVA-42362 Update article ""Storing PostgreSQL JSONB Using Spring Boot and JPA"" (#18075)",Dependency Update
repos\tutorials,5ac5fb54b0b2d570f1b03269ba736a7317814b3a,2025-02-24 13:03:29+02:00,org.hibernate:hibernate-jpamodelgen,5.6.11.Final,6.6.1.Final,CustomQueryBookRepository.java,False,None,False,None,True,Logic changed,"JAVA-42362 Update article ""Storing PostgreSQL JSONB Using Spring Boot and JPA"" (#18075)",Dependency Update
repos\tutorials,5ac5fb54b0b2d570f1b03269ba736a7317814b3a,2025-02-24 13:03:29+02:00,org.hibernate:hibernate-jpamodelgen,5.6.11.Final,6.6.1.Final,RepositoryCheckBook.java,False,None,False,None,True,Logic changed,"JAVA-42362 Update article ""Storing PostgreSQL JSONB Using Spring Boot and JPA"" (#18075)",Dependency Update
repos\tutorials,5ac5fb54b0b2d570f1b03269ba736a7317814b3a,2025-02-24 13:03:29+02:00,org.hibernate:hibernate-jpamodelgen,5.6.11.Final,6.6.1.Final,SimpleBook.java,False,None,False,None,True,Logic changed,"JAVA-42362 Update article ""Storing PostgreSQL JSONB Using Spring Boot and JPA"" (#18075)",Dependency Update
repos\tutorials,5ac5fb54b0b2d570f1b03269ba736a7317814b3a,2025-02-24 13:03:29+02:00,org.hibernate:hibernate-jpamodelgen,5.6.11.Final,6.6.1.Final,UnapdatableBook.java,False,None,False,None,True,Logic changed,"JAVA-42362 Update article ""Storing PostgreSQL JSONB Using Spring Boot and JPA"" (#18075)",Dependency Update
repos\tutorials,5ac5fb54b0b2d570f1b03269ba736a7317814b3a,2025-02-24 13:03:29+02:00,org.hibernate:hibernate-jpamodelgen,5.6.11.Final,6.6.1.Final,EntityWithoutAnnotation.java,False,None,False,None,True,Logic changed,"JAVA-42362 Update article ""Storing PostgreSQL JSONB Using Spring Boot and JPA"" (#18075)",Dependency Update
repos\tutorials,5ac5fb54b0b2d570f1b03269ba736a7317814b3a,2025-02-24 13:03:29+02:00,org.hibernate:hibernate-jpamodelgen,5.6.11.Final,6.6.1.Final,EntityWithoutAnnotationFixed.java,False,None,False,None,True,Logic changed,"JAVA-42362 Update article ""Storing PostgreSQL JSONB Using Spring Boot and JPA"" (#18075)",Dependency Update
repos\tutorials,5ac5fb54b0b2d570f1b03269ba736a7317814b3a,2025-02-24 13:03:29+02:00,org.hibernate:hibernate-jpamodelgen,5.6.11.Final,6.6.1.Final,CorrectEntity.java,False,None,False,None,True,Logic changed,"JAVA-42362 Update article ""Storing PostgreSQL JSONB Using Spring Boot and JPA"" (#18075)",Dependency Update
repos\tutorials,5ac5fb54b0b2d570f1b03269ba736a7317814b3a,2025-02-24 13:03:29+02:00,org.hibernate:hibernate-jpamodelgen,5.6.11.Final,6.6.1.Final,ArticleRepositoryIntegrationTest.java,False,None,False,None,True,Logic changed,"JAVA-42362 Update article ""Storing PostgreSQL JSONB Using Spring Boot and JPA"" (#18075)",Dependency Update
repos\tutorials,5ac5fb54b0b2d570f1b03269ba736a7317814b3a,2025-02-24 13:03:29+02:00,org.hibernate:hibernate-jpamodelgen,5.6.11.Final,6.6.1.Final,JsonAttributeLiveTest.java,False,None,False,None,True,Logic changed,"JAVA-42362 Update article ""Storing PostgreSQL JSONB Using Spring Boot and JPA"" (#18075)",Dependency Update
repos\tutorials,5ac5fb54b0b2d570f1b03269ba736a7317814b3a,2025-02-24 13:03:29+02:00,org.hibernate:hibernate-jpamodelgen,5.6.11.Final,6.6.1.Final,NotManagedTypeExceptionIntegrationTest.java,False,None,False,None,True,Logic changed,"JAVA-42362 Update article ""Storing PostgreSQL JSONB Using Spring Boot and JPA"" (#18075)",Dependency Update
repos\tutorials,5ac5fb54b0b2d570f1b03269ba736a7317814b3a,2025-02-24 13:03:29+02:00,org.hibernate:hibernate-jpamodelgen,5.6.11.Final,6.6.1.Final,AnnotationDrivenEventListener.java,False,None,False,None,True,Logic changed,"JAVA-42362 Update article ""Storing PostgreSQL JSONB Using Spring Boot and JPA"" (#18075)",Dependency Update
repos\tutorials,05b71b7cbfa7285bbeee7aa9b4a54b406a7922aa,2025-04-11 09:39:02+06:00,com.github.stefanbirkner:system-lambda,1.2.1,${system.lambda.version},JavaCompilerUtils.java,False,None,False,None,True,Logic changed,[BAEL-8962] resolve review,Other
repos\tutorials,e75cf91fd4b9e710236661fd3a96c6534f14f811,2025-05-10 12:32:56+05:30,junit:junit,4.13.1,${junit-version},User.java,False,None,False,None,True,Logic changed,[BAEL-6553] changes,Other
repos\tutorials,e75cf91fd4b9e710236661fd3a96c6534f14f811,2025-05-10 12:32:56+05:30,junit:junit,4.13.1,${junit-version},GsonUnitTest.java,False,None,False,None,True,Logic changed,[BAEL-6553] changes,Other
repos\tutorials,2f9caa87f6c50eb31e072ddfe06e5632ef090e3d,2025-05-25 11:26:30+02:00,io.quarkiverse.langchain4j:quarkus-langchain4j-mcp,0.26.2,${quarkus-langchain4j.version},McpClientAI.java,False,None,False,Parse Error,True,Fallback textual change,BAEL-9140 Quarkus MCP tweaking of code and prompts,Other
repos\tutorials,2f9caa87f6c50eb31e072ddfe06e5632ef090e3d,2025-05-25 11:26:30+02:00,io.quarkiverse.langchain4j:quarkus-langchain4j-ollama,0.26.2,${quarkus-langchain4j.version},McpClientAI.java,False,None,False,Parse Error,True,Fallback textual change,BAEL-9140 Quarkus MCP tweaking of code and prompts,Other
repos\tutorials,2f9caa87f6c50eb31e072ddfe06e5632ef090e3d,2025-05-25 11:26:30+02:00,io.quarkiverse.langchain4j:quarkus-langchain4j-mcp,0.26.2,${quarkus-langchain4j.version},ToolBox.java,False,None,True,Removed methods: {'getSystemInfo'},True,Logic changed,BAEL-9140 Quarkus MCP tweaking of code and prompts,Other
repos\tutorials,2f9caa87f6c50eb31e072ddfe06e5632ef090e3d,2025-05-25 11:26:30+02:00,io.quarkiverse.langchain4j:quarkus-langchain4j-ollama,0.26.2,${quarkus-langchain4j.version},ToolBox.java,False,None,True,Removed methods: {'getSystemInfo'},True,Logic changed,BAEL-9140 Quarkus MCP tweaking of code and prompts,Other
repos\tutorials,2f9caa87f6c50eb31e072ddfe06e5632ef090e3d,2025-05-25 11:26:30+02:00,io.quarkiverse.langchain4j:quarkus-langchain4j-mcp,0.26.2,${quarkus-langchain4j.version},ToolBoxTest.java,True,"Removed: {'getSystemInfo'}, Added: {'getJVMInfo'}",False,None,True,Logic changed,BAEL-9140 Quarkus MCP tweaking of code and prompts,Other
repos\tutorials,2f9caa87f6c50eb31e072ddfe06e5632ef090e3d,2025-05-25 11:26:30+02:00,io.quarkiverse.langchain4j:quarkus-langchain4j-ollama,0.26.2,${quarkus-langchain4j.version},ToolBoxTest.java,True,"Removed: {'getSystemInfo'}, Added: {'getJVMInfo'}",False,None,True,Logic changed,BAEL-9140 Quarkus MCP tweaking of code and prompts,Other
repos\tutorials,eb15ed6e76d30ebeec64eec073331bf5c05aeb95,2025-07-16 17:20:56+03:00,com.datastax.oss:java-driver-mapper-runtime,4.17.0,${java-driver-mapper-runtime.version},CassandraTemplateLiveTest.java,True,"Removed: {'dropTable'}, Added: set()",True,Removed methods: {'dropTable'},True,Logic changed,[JAVA-44239],Other
repos\tutorials,eb15ed6e76d30ebeec64eec073331bf5c05aeb95,2025-07-16 17:20:56+03:00,com.datastax.oss:java-driver-mapper-runtime,4.17.0,${java-driver-mapper-runtime.version},CqlQueriesLiveTest.java,True,"Removed: {'dropTable'}, Added: set()",True,Removed methods: {'dropTable'},True,Logic changed,[JAVA-44239],Other
repos\tutorials,4b23ae0d20e9c745f61a5ffe7fc1ff57d248be84,2025-12-25 12:18:21+03:30,tools.jackson:jackson-bom,3.0.0,${tools-jackson.version},EmbeddedKafkaIntegrationTest.java,False,None,False,None,True,Logic changed,#BAEL-9526: change  com.fasterxml.* to tools.*,Other
repos\tutorials,4b23ae0d20e9c745f61a5ffe7fc1ff57d248be84,2025-12-25 12:18:21+03:30,tools.jackson:jackson-bom,3.0.0,${tools-jackson.version},KafkaRetryableIntegrationTest.java,False,None,False,None,True,Logic changed,#BAEL-9526: change  com.fasterxml.* to tools.*,Other
repos\tutorials,3cd55f3eb323c42306ae72b10b0c98fc58fc1610,2026-02-10 23:08:22-07:00,com.sun.activation:jakarta.activation,2.0.1,${jakarta.activation.version},DataSourceDemo.java,False,None,False,None,True,Logic changed,verify /datasource files for errors,Bug Fix
repos\tutorials,3cd55f3eb323c42306ae72b10b0c98fc58fc1610,2026-02-10 23:08:22-07:00,com.sun.activation:jakarta.activation,2.0.1,${jakarta.activation.version},EnhancedDataSourceDemo.java,False,None,False,None,False,None,verify /datasource files for errors,Bug Fix
repos\tutorials,3cd55f3eb323c42306ae72b10b0c98fc58fc1610,2026-02-10 23:08:22-07:00,com.sun.activation:jakarta.activation,2.0.1,${jakarta.activation.version},InputStreamDataSource.java,False,None,False,None,True,Logic changed,verify /datasource files for errors,Bug Fix
